Fahrgast_ID,Spawnzeit,Einsteigzeit,Austeigezeit,Wartezeit,Startetage,Zieletage,Nimmt_Treppenhaus
0,1.0425609324082787,1.0425609324082787,11.042560932408279,0.0,0,1,False
1,8.966183922208064,8.966183922208064,33.96618392220806,0.0,0,4,False
2,20.832328593826936,20.832328593826936,40.83232859382694,0.0,0,3,False
3,21.99145028165041,25.832328593826936,75.83232859382693,3.840878312176528,0,9,False
5,76.58863014388132,76.58863014388132,86.58863014388132,0.0,0,1,False
4,38.480437641044986,58.96618392220806,98.96618392220806,20.485746281163074,0,7,False
6,81.01625648295297,96.58863014388132,121.58863014388132,15.57237366092835,0,4,False
10,99.30054413697448,126.01625648295297,151.01625648295297,26.71571234597849,0,4,False
7,88.79229139428844,96.58863014388132,151.58863014388132,7.796338749592877,0,9,False
8,93.8789989996722,96.58863014388132,151.58863014388132,2.709631144209112,0,9,False
9,94.8789989996722,96.58863014388132,151.58863014388132,1.709631144209112,0,9,False
12,130.82659089375775,140.82659089375775,160.82659089375775,10.0,0,3,False
11,113.58212438845578,126.01625648295297,161.01625648295297,12.434132094497187,0,5,False
13,138.85173942782896,140.82659089375775,180.82659089375775,1.9748514659287935,0,6,False
16,161.7399600977879,191.01625648295297,206.01625648295297,29.276296385165068,0,2,False
17,171.99590732625435,191.01625648295297,206.01625648295297,19.020349156698614,0,2,False
19,195.5123713687542,204.5123713687542,214.5123713687542,9.0,0,1,False
14,149.0187968661634,191.01625648295297,216.01625648295297,41.99745961678957,0,3,False
15,156.50420759466164,191.01625648295297,236.01625648295297,34.51204888829133,0,6,False
18,194.5123713687542,204.5123713687542,244.5123713687542,10.0,0,6,False
21,197.90867477311193,204.5123713687542,254.5123713687542,6.603696595642276,0,7,False
20,196.90867477311193,204.5123713687542,269.5123713687542,7.603696595642276,0,9,False
22,203.0720914732289,204.5123713687542,269.5123713687542,1.4402798955252933,0,9,False
23,227.53861983015713,237.53861983015713,272.53861983015713,10.0,0,6,False
24,246.08982416754165,276.0898241675417,291.0898241675417,30.00000000000003,0,2,False
26,256.7780882985904,276.0898241675417,291.0898241675417,19.311735868951303,0,2,False
27,270.23995566215433,276.0898241675417,291.0898241675417,5.849868505387349,0,2,False
25,247.08982416754165,276.0898241675417,306.0898241675417,29.00000000000003,0,4,False
28,272.78382515581666,276.0898241675417,316.0898241675417,3.305999011725021,0,5,False
29,273.78382515581666,276.0898241675417,326.0898241675417,2.305999011725021,0,6,False
32,317.3502824682447,325.2931019133652,340.2931019133652,7.942819445120506,0,2,False
31,315.5454376953768,325.2931019133652,355.2931019133652,9.747664217988415,0,4,False
34,327.4565797972681,335.2931019133652,355.2931019133652,7.836522116097115,0,3,False
30,295.2931019133652,325.2931019133652,370.2931019133652,30.0,0,6,False
38,356.8235893722914,361.847054904167,386.847054904167,5.023465531875615,0,4,False
33,326.4565797972681,335.2931019133652,390.2931019133652,8.836522116097115,0,9,False
37,349.73082432493266,361.847054904167,401.847054904167,12.116230579234355,0,6,False
35,336.847054904167,361.847054904167,411.847054904167,25.0,0,7,False
36,342.87969105006573,361.847054904167,426.847054904167,18.96736385410128,0,9,False
40,399.76530705975796,412.75374749138973,442.75374749138973,12.988440431631773,0,5,False
39,382.75374749138973,412.75374749138973,452.75374749138973,30.0,0,6,False
41,415.98319794696704,440.98319794696704,465.98319794696704,25.0,0,4,False
44,464.5001913755199,488.3779112708984,508.3779112708984,23.877719895378505,0,3,False
45,476.6256871307676,488.3779112708984,508.3779112708984,11.752224140130807,0,3,False
50,495.9129924372913,495.9129924372913,510.9129924372913,0.0,0,2,False
49,490.98461452441535,490.98461452441535,510.98461452441535,0.0,0,3,False
42,458.3779112708984,488.3779112708984,518.3779112708984,30.0,0,4,False
48,487.4617814664446,488.3779112708984,533.3779112708984,0.9161298044537602,0,6,False
51,517.1736321765492,527.1736321765492,542.1736321765492,10.0,0,2,False
53,522.9859388834687,527.1736321765492,542.1736321765492,4.187693293080429,0,2,False
43,459.3779112708984,488.3779112708984,543.3779112708984,29.0,0,7,False
47,481.8562796380406,488.3779112708984,543.3779112708984,6.521631632857805,0,7,False
52,520.6615841222263,527.1736321765492,552.1736321765492,6.512048054322918,0,3,False
46,480.8562796380406,488.3779112708984,558.3779112708984,7.521631632857805,0,9,False
54,534.9799887853346,534.9799887853346,574.9799887853346,0.0,0,7,False
57,545.8537529753111,572.1736321765492,587.1736321765492,26.31987920123811,0,2,False
59,553.1643179440018,572.1736321765492,607.1736321765492,19.009314232547354,0,5,False
58,548.9722551855501,572.1736321765492,617.1736321765492,23.20137699099905,0,6,False
61,595.2043810805442,611.5705504691462,621.5705504691462,16.366169388601975,0,1,False
60,576.5705504691462,611.5705504691462,636.5705504691462,35.0,0,3,False
65,606.8770238567397,611.5705504691462,636.5705504691462,4.693526612406458,0,3,False
66,611.2183818217044,611.5705504691462,636.5705504691462,0.352168647441772,0,3,False
55,536.4481070839984,572.1736321765492,637.1736321765492,35.72552509255081,0,9,False
56,539.7926036216162,572.1736321765492,637.1736321765492,32.38102855493298,0,9,False
64,598.9925495534762,611.5705504691462,651.5705504691462,12.578000915669918,0,5,False
67,621.975638643346,621.975638643346,656.975638643346,0.0,0,6,False
62,596.2861301665035,611.5705504691462,676.5705504691462,15.284420302642616,0,9,False
63,597.2861301665035,611.5705504691462,676.5705504691462,14.284420302642616,0,9,False
68,635.0724412025672,687.1736321765492,697.1736321765492,52.10119097398194,0,1,False
72,674.9519952487691,687.1736321765492,707.1736321765492,12.221636927780082,0,2,False
73,686.0878215757472,687.1736321765492,707.1736321765492,1.0858106008020059,0,2,False
74,687.0878215757472,687.1736321765492,717.1736321765492,0.08581060080200587,0,3,False
70,646.3408930282951,687.1736321765492,727.1736321765492,40.83273914825406,0,4,False
71,659.9670110565911,687.1736321765492,727.1736321765492,27.206621119958072,0,4,False
75,689.3546318937812,691.975638643346,741.975638643346,2.621006749564799,0,9,False
69,637.2996265726214,687.1736321765492,742.1736321765492,49.8740056039278,0,6,False
77,719.8518913092547,733.7642893424403,758.7642893424403,13.912398033185582,0,4,False
76,703.7642893424403,733.7642893424403,768.7642893424403,30.0,0,5,False
78,720.8518913092547,733.7642893424403,768.7642893424403,12.912398033185582,0,5,False
79,730.3455696509368,733.7642893424403,778.7642893424403,3.4187196915034974,0,6,False
81,747.8748570086444,777.1736321765492,792.1736321765492,29.29877516790475,0,2,False
82,754.1680503981735,777.1736321765492,807.1736321765492,23.0055817783757,0,4,False
85,786.3229487137983,791.975638643346,816.975638643346,5.652689929547705,0,4,False
83,780.0532270048053,791.975638643346,831.975638643346,11.922411638540666,0,6,False
80,737.3506265295194,777.1736321765492,837.1736321765492,39.82300564702973,0,9,False
88,819.7784202305669,836.8201627107394,846.8201627107394,17.041742480172502,0,1,False
84,783.9202521136547,791.975638643346,851.975638643346,8.055386529691305,0,9,False
86,816.8201627107394,836.8201627107394,856.8201627107394,20.0,0,2,False
89,829.260708134589,836.8201627107394,856.8201627107394,7.559454576150415,0,2,False
87,818.7784202305669,836.8201627107394,871.8201627107394,18.041742480172502,0,4,False
95,875.1476124414276,887.1736321765492,902.1736321765492,12.026019735121622,0,2,False
98,890.5645564949539,896.8201627107394,906.8201627107394,6.2556062157855195,0,1,False
91,853.1241400969537,887.1736321765492,917.1736321765492,34.04949207959544,0,4,False
94,859.0957433772531,887.1736321765492,917.1736321765492,28.077888799296034,0,4,False
99,910.4326913592547,915.4326913592547,925.4326913592547,5.0,0,1,False
90,841.060150170621,887.1736321765492,927.1736321765492,46.11348200592818,0,5,False
96,876.5916887370616,887.1736321765492,937.1736321765492,10.581943439487532,0,6,False
97,885.9296465948198,887.1736321765492,947.1736321765492,1.243985581729362,0,7,False
100,915.7915796155893,916.8201627107394,951.8201627107394,1.0285830951501111,0,6,False
92,854.6095268879383,887.1736321765492,957.1736321765492,32.564105288610904,0,8,False
93,856.0132692538248,887.1736321765492,957.1736321765492,31.160362922724403,0,8,False
101,919.4761230386003,935.4326913592547,960.4326913592547,15.956568320654355,0,4,False
102,925.9571148379665,935.4326913592547,960.4326913592547,9.47557652128819,0,4,False
108,975.1457677915446,985.4326913592547,995.4326913592547,10.286923567710119,0,1,False
106,963.0359764220366,985.4326913592547,1005.4326913592547,22.39671493721812,0,2,False
109,998.2128392909378,998.2128392909378,1013.2128392909378,0.0,0,2,False
103,937.9817372903105,985.4326913592547,1015.4326913592547,47.45095406894416,0,3,False
104,940.5890278836401,985.4326913592547,1015.4326913592547,44.84366347561456,0,3,False
113,1014.5476380280752,1018.0900996950988,1028.0900996950988,3.5424616670236446,0,1,False
110,1008.0900996950988,1018.0900996950988,1043.0900996950988,10.0,0,3,False
105,956.804587328973,985.4326913592547,1045.4326913592547,28.628104030281747,0,8,False
112,1013.5476380280752,1018.0900996950988,1053.0900996950988,4.542461667023645,0,4,False
107,967.1967733437949,985.4326913592547,1055.4326913592547,18.235918015459788,0,9,False
114,1019.8276277493437,1029.8276277493437,1069.8276277493437,10.0,0,7,False
111,1010.4818747761991,1018.0900996950988,1078.0900996950988,7.608224918899737,0,8,False
115,1041.6260942850429,,,60.0,0,7,True
118,1090.450256396001,1105.4326913592547,1125.4326913592547,14.982434963253809,0,3,False
120,1114.960080736351,1125.50369921128,1135.50369921128,10.543618474928962,0,1,False
122,1118.6780867199045,1125.50369921128,1135.50369921128,6.825612491375523,0,1,False
119,1110.50369921128,1110.50369921128,1140.50369921128,0.0,0,5,False
117,1076.7778963492703,1105.4326913592547,1150.4326913592547,28.654795009984355,0,7,False
116,1064.8029456121894,1105.4326913592547,1160.4326913592547,40.62974574706527,0,8,False
121,1115.960080736351,1125.50369921128,1165.50369921128,9.543618474928962,0,6,False
124,1165.6150503487543,1170.50369921128,1180.50369921128,4.88864886252577,0,1,False
126,1188.596620534957,1200.50369921128,1215.50369921128,11.907078676322953,0,2,False
123,1136.110525370913,1170.50369921128,1225.50369921128,34.393173840367126,0,9,False
125,1175.281741495817,1200.50369921128,1225.50369921128,25.221957715463077,0,3,False
127,1219.9960626702343,1219.9960626702343,1259.9960626702343,0.0,0,7,False
129,1245.4208852717354,1245.50369921128,1260.50369921128,0.08281393954462146,0,2,False
128,1228.4245837585072,1245.50369921128,1275.50369921128,17.07911545277284,0,4,False
131,1277.9373385790745,1292.102457259833,1322.102457259833,14.165118680758496,0,5,False
133,1291.87908014097,1292.102457259833,1322.102457259833,0.22337711886302714,0,5,False
134,1297.6765701296508,1302.6765701296508,1322.6765701296508,5.0,0,3,False
132,1283.848842607183,1292.102457259833,1332.102457259833,8.253614652649958,0,6,False
130,1267.102457259833,1292.102457259833,1352.102457259833,25.0,0,9,False
136,1321.5364954465838,1342.6765701296508,1357.6765701296508,21.14007468306704,0,2,False
138,1335.7074945253135,1342.6765701296508,1357.6765701296508,6.969075604337377,0,2,False
135,1319.3658796523061,1319.3658796523061,1364.3658796523061,0.0,0,8,False
137,1331.1375227747178,1342.6765701296508,1392.6765701296508,11.539047354933018,0,8,False
139,1337.4149163919537,1342.6765701296508,1402.6765701296508,5.261653737697088,0,9,False
141,1360.2115031475805,1402.102457259833,1417.102457259833,41.89095411225253,0,2,False
140,1356.4957470581535,1402.102457259833,1427.102457259833,45.60671020167956,0,3,False
143,1365.6710781971117,1402.102457259833,1427.102457259833,36.43137906272136,0,3,False
142,1362.800738947836,1402.102457259833,1447.102457259833,39.30171831199709,0,6,False
145,1410.4287560970251,1415.4287560970251,1465.4287560970251,5.0,0,9,False
144,1380.3981591090346,1402.102457259833,1467.102457259833,21.704298150798422,0,9,False
147,1453.6502837003263,1462.6922171152144,1477.6922171152144,9.041933414888035,0,2,False
146,1427.6922171152144,1462.6922171152144,1517.6922171152144,35.0,0,9,False
149,1476.868148769429,1517.092584633832,1532.092584633832,40.224435864403176,0,2,False
155,1521.2034352999185,1521.2034352999185,1536.2034352999185,0.0,0,2,False
151,1492.7754565088758,1517.092584633832,1547.092584633832,24.317128124956298,0,4,False
152,1500.0906655079004,1517.092584633832,1547.092584633832,17.001919125931636,0,4,False
148,1472.092584633832,1517.092584633832,1557.092584633832,45.0,0,5,False
150,1481.6208594422376,1517.092584633832,1557.092584633832,35.47172519159449,0,5,False
154,1506.1124492484184,1517.092584633832,1557.092584633832,10.980135385413632,0,5,False
153,1502.3432840397522,1517.092584633832,1582.092584633832,14.749300594079841,0,9,False
156,1549.5856343335874,1559.5856343335874,1589.5856343335874,10.0,0,5,False
157,1563.3035567761528,1594.5856343335874,1604.5856343335874,31.282077557434604,0,1,False
158,1576.8273751371248,1594.5856343335874,1619.5856343335874,17.75825919646263,0,3,False
159,1593.3237181541463,1594.5856343335874,1619.5856343335874,1.2619161794411866,0,3,False
162,1628.8742525203015,1629.9956304837506,1644.9956304837506,1.1213779634490493,0,2,False
163,1641.8344979219635,1646.8344979219635,1666.8344979219635,5.0,0,3,False
166,1672.5251740142419,1672.5251740142419,1682.5251740142419,0.0,0,1,False
160,1609.9956304837506,1629.9956304837506,1684.9956304837506,20.0,0,9,False
161,1624.2546928266108,1629.9956304837506,1684.9956304837506,5.740937657139739,0,9,False
164,1642.8344979219635,1646.8344979219635,1686.8344979219635,4.0,0,6,False
165,1643.8344979219635,1646.8344979219635,1696.8344979219635,3.0,0,7,False
167,1675.1133126781701,1692.5251740142419,1727.5251740142419,17.411861336071752,0,6,False
168,1683.7642437706554,1692.5251740142419,1727.5251740142419,8.760930243586472,0,6,False
171,1729.992141632812,1736.8344979219635,1756.8344979219635,6.842356289151439,0,3,False
172,1730.992141632812,1736.8344979219635,1756.8344979219635,5.842356289151439,0,3,False
169,1698.2656975463422,1736.8344979219635,1766.8344979219635,38.56880037562132,0,4,False
174,1750.2398720006197,1750.2398720006197,1770.2398720006197,0.0,0,3,False
170,1705.380766712211,1736.8344979219635,1781.8344979219635,31.453731209752505,0,6,False
173,1732.2877961068966,1736.8344979219635,1791.8344979219635,4.546701815066854,0,7,False
176,1773.2379672378572,1790.2398720006197,1820.2398720006197,17.00190476276248,0,5,False
175,1766.9165781354986,1790.2398720006197,1835.2398720006197,23.32329386512106,0,7,False
177,1825.7068088242302,1825.7068088242302,1840.7068088242302,0.0,0,2,False
178,1827.4920136677204,1855.7068088242302,1865.7068088242302,28.21479515650981,0,1,False
179,1834.4504580955447,1855.7068088242302,1885.7068088242302,21.256350728685447,0,4,False
182,1855.9424092944544,1860.7068088242302,1885.7068088242302,4.764399529775801,0,4,False
181,1845.695015681771,1855.7068088242302,1895.7068088242302,10.011793142459055,0,5,False
183,1876.779981176678,1886.779981176678,1911.779981176678,10.0,0,4,False
180,1835.4504580955447,1855.7068088242302,1915.7068088242302,20.256350728685447,0,8,False
184,1882.254945792113,1886.779981176678,1926.779981176678,4.525035384564944,0,6,False
188,1918.6409323109622,1928.1964492934574,1938.1964492934574,9.555516982495192,0,1,False
185,1908.1964492934574,1928.1964492934574,1948.1964492934574,20.0,0,2,False
186,1915.1230739142025,1928.1964492934574,1973.1964492934574,13.073375379254912,0,6,False
187,1916.7951130103306,1928.1964492934574,1993.1964492934574,11.401336283126739,0,9,False
191,1961.597748951475,1982.4056930361571,1997.4056930361571,20.80794408468205,0,2,False
190,1960.597748951475,1982.4056930361571,2012.4056930361571,21.80794408468205,0,5,False
189,1952.4056930361571,1982.4056930361571,2017.4056930361571,30.0,0,5,False
192,1962.8280028278223,1982.4056930361571,2022.4056930361571,19.577690208334843,0,6,False
193,1966.727488864595,1982.4056930361571,2032.4056930361571,15.678204171562129,0,7,False
194,1981.8425440708797,1982.4056930361571,2032.4056930361571,0.563148965277378,0,7,False
199,2025.5091017124041,2043.1964492934574,2058.1964492934576,17.687347581053245,0,2,False
195,1998.1480602844963,2043.1964492934574,2078.1964492934576,45.04838900896107,0,5,False
198,2015.0158155831245,2043.1964492934574,2088.1964492934576,28.180633710332813,0,6,False
200,2032.4367304877758,2043.1964492934574,2088.1964492934576,10.759718805681587,0,6,False
196,2003.794794748751,2043.1964492934574,2098.1964492934576,39.40165454470639,0,7,False
201,2043.279548656104,2072.405693036157,2102.405693036157,29.12614438005312,0,5,False
202,2050.0039290709856,2072.405693036157,2112.405693036157,22.40176396517154,0,7,False
197,2004.794794748751,2043.1964492934574,2113.1964492934576,38.40165454470639,0,9,False
203,2064.012202601084,2072.405693036157,2117.405693036157,8.39349043507309,0,7,False
204,2065.718152258203,2072.405693036157,2127.405693036157,6.687540777953927,0,9,False
205,2091.557569840538,,,60.0,0,4,True
206,2094.953279320516,,,60.0,0,7,True
207,2097.056006836149,,,60.0,0,5,True
210,2151.0922112041826,2157.405693036157,2182.405693036157,6.313481831974514,0,4,False
209,2139.4282190206013,2157.405693036157,2192.405693036157,17.9774740155558,0,5,False
211,2167.6341652710116,2172.6341652710116,2207.6341652710116,5.0,0,6,False
214,2192.2284372212416,2196.2284372212416,2216.2284372212416,4.0,0,3,False
208,2123.2475321775864,2157.405693036157,2217.405693036157,34.15816085857068,0,9,False
212,2168.856092107211,2172.6341652710116,2222.6341652710116,3.7780731638004,0,8,False
213,2191.2284372212416,2196.2284372212416,2226.2284372212416,5.0,0,4,False
219,2234.1708835262502,2251.2284372212416,2261.2284372212416,17.057553694991384,0,1,False
216,2212.4667891726913,2251.2284372212416,2271.2284372212416,38.76164804855034,0,2,False
221,2243.5374951503454,2251.2284372212416,2271.2284372212416,7.690942070896199,0,2,False
218,2231.7320921249025,2251.2284372212416,2286.2284372212416,19.496345096339155,0,4,False
220,2240.003556907688,2251.2284372212416,2286.2284372212416,11.224880313553513,0,4,False
215,2204.0997413129357,2251.2284372212416,2296.2284372212416,47.12869590830587,0,5,False
217,2214.3935002488847,2251.2284372212416,2296.2284372212416,36.8349369723569,0,5,False
222,2251.829993614293,2267.405693036157,2307.405693036157,15.575699421864101,0,7,False
223,2259.524084007602,2267.405693036157,2307.405693036157,7.881609028554976,0,7,False
224,2267.9358006052635,2267.9358006052635,2307.9358006052635,0.0,0,7,False
229,2292.247509307646,2326.2284372212416,2336.2284372212416,33.98092791359568,0,1,False
226,2276.4629564786355,2326.2284372212416,2346.2284372212416,49.76548074260609,0,2,False
225,2269.4597947255884,2326.2284372212416,2356.2284372212416,56.76864249565324,0,3,False
227,2282.520027558315,2326.2284372212416,2366.2284372212416,43.70840966292644,0,4,False
230,2346.510432498266,2366.510432498266,2381.510432498266,20.0,0,2,False
231,2347.510432498266,2366.510432498266,2386.510432498266,19.0,0,3,False
228,2291.247509307646,2326.2284372212416,2396.2284372212416,34.98092791359568,0,9,False
233,2361.2866971368085,2366.510432498266,2416.510432498266,5.223735361457329,0,8,False
232,2353.5270679492896,2366.510432498266,2421.510432498266,12.98336454897617,0,9,False
234,2368.8778737044418,,,60.0,0,9,True
235,2384.8927008273663,,,60.0,0,3,True
237,2399.884094801442,2446.2284372212416,2471.2284372212416,46.34434241979943,0,4,False
239,2420.515440125726,2446.2284372212416,2471.2284372212416,25.712997095515675,0,4,False
241,2442.659526827638,2446.2284372212416,2481.2284372212416,3.568910393603801,0,5,False
242,2455.9183567808604,2470.9183567808604,2500.9183567808604,15.0,0,5,False
236,2388.2650466315704,2446.2284372212416,2501.2284372212416,57.963390589671235,0,8,False
240,2439.841867583761,2446.2284372212416,2501.2284372212416,6.386569637480534,0,8,False
238,2406.8606005550378,2446.2284372212416,2511.2284372212416,39.36783666620386,0,9,False
243,2476.1585905804823,2481.1585905804823,2516.1585905804823,5.0,0,6,False
247,2502.950198572269,2530.9183567808604,2545.9183567808604,27.968158208591376,0,2,False
244,2499.4119932172152,2530.9183567808604,2555.9183567808604,31.50636356364521,0,3,False
246,2501.950198572269,2530.9183567808604,2555.9183567808604,28.968158208591376,0,3,False
245,2500.950198572269,2530.9183567808604,2565.9183567808604,29.968158208591376,0,4,False
251,2524.567237588349,2530.9183567808604,2565.9183567808604,6.351119192511305,0,4,False
254,2548.902403822502,2568.902403822502,2578.902403822502,20.0,0,1,False
248,2503.950198572269,2530.9183567808604,2585.9183567808604,26.968158208591376,0,7,False
250,2523.567237588349,2530.9183567808604,2585.9183567808604,7.351119192511305,0,7,False
252,2528.1879480141724,2530.9183567808604,2585.9183567808604,2.730408766688015,0,7,False
253,2530.554509951612,2530.9183567808604,2585.9183567808604,0.3638468292483594,0,7,False
249,2522.4065274114646,2530.9183567808604,2600.9183567808604,8.511829369395855,0,9,False
255,2552.7884948526116,2568.902403822502,2603.902403822502,16.113908969890417,0,5,False
256,2559.4126175421397,2568.902403822502,2618.902403822502,9.489786280362296,0,7,False
257,2577.036688056465,2582.036688056465,2627.036688056465,5.0,0,8,False
265,2642.735804923727,2650.9183567808604,2665.9183567808604,8.182551857133603,0,2,False
266,2645.104306860303,2650.9183567808604,2675.9183567808604,5.814049920557409,0,3,False
258,2594.034797460193,2650.9183567808604,2690.9183567808604,56.883559320667246,0,5,False
267,2668.598035071463,2673.598035071463,2693.598035071463,5.0,0,3,False
260,2611.434649698796,2650.9183567808604,2705.9183567808604,39.483707082064484,0,7,False
261,2615.2901963730956,2650.9183567808604,2705.9183567808604,35.62816040776488,0,7,False
264,2619.5623406292893,2650.9183567808604,2705.9183567808604,31.35601615157111,0,7,False
268,2672.4414165267444,2673.598035071463,2708.598035071463,1.15661854471864,0,5,False
259,2595.336038114696,2650.9183567808604,2715.9183567808604,55.58231866616461,0,8,False
262,2616.5949314959953,2650.9183567808604,2715.9183567808604,34.32342528486515,0,8,False
263,2618.5623406292893,2650.9183567808604,2725.9183567808604,32.35601615157111,0,9,False
269,2684.7296947897607,2694.7296947897607,2729.7296947897607,10.0,0,6,False
271,2734.8958034542757,2738.598035071463,2773.598035071463,3.702231617187408,0,6,False
270,2705.007724004651,2738.598035071463,2788.598035071463,33.590311066811864,0,8,False
277,2775.612478395246,2780.612478395246,2795.612478395246,5.0,0,2,False
272,2743.5546430089416,2768.5546430089416,2798.5546430089416,25.0,0,5,False
273,2745.518609816116,2768.5546430089416,2798.5546430089416,23.03603319282547,0,5,False
276,2765.6342538062167,2768.5546430089416,2808.5546430089416,2.920389202724891,0,6,False
278,2785.758982546339,2810.612478395246,2820.612478395246,24.853495848906732,0,1,False
274,2750.602223665126,2768.5546430089416,2823.5546430089416,17.952419343815563,0,8,False
282,2801.4214651897187,2810.612478395246,2830.612478395246,9.19101320552727,0,2,False
275,2756.8253391200865,2768.5546430089416,2833.5546430089416,11.729303888855156,0,9,False
280,2794.366914591584,2810.612478395246,2840.612478395246,16.245563803661753,0,3,False
281,2795.9489639982676,2810.612478395246,2840.612478395246,14.663514396978371,0,3,False
279,2788.2438980379084,2810.612478395246,2850.612478395246,22.368580357337578,0,4,False
285,2843.058306997728,2848.778677608054,2863.778677608054,5.720370610325972,0,2,False
286,2844.0933923810944,2848.778677608054,2883.778677608054,4.685285226959422,0,5,False
284,2831.4556736437453,2848.778677608054,2893.778677608054,17.323003964308555,0,6,False
287,2875.350640243171,2895.350640243171,2905.350640243171,20.0,0,1,False
283,2828.778677608054,2848.778677608054,2908.778677608054,20.0,0,8,False
288,2904.0183969745303,2909.0183969745303,2949.0183969745303,5.0,0,7,False
289,2928.0491997428553,2933.0491997428553,2958.0491997428553,5.0,0,4,False
292,2940.157153253743,2968.0491997428553,2978.0491997428553,27.89204648911209,0,1,False
296,2980.5058691156823,2983.0491997428553,2993.0491997428553,2.5433306271729634,0,1,False
290,2933.1497035997527,2968.0491997428553,2998.0491997428553,34.899496143102624,0,4,False
291,2939.157153253743,2968.0491997428553,3008.0491997428553,28.89204648911209,0,5,False
294,2969.064954642454,2983.0491997428553,3023.0491997428553,13.984245100401495,0,6,False
293,2960.0240851911885,2968.0491997428553,3033.0491997428553,8.025114551666775,0,9,False
297,2990.7479519391127,2995.7479519391127,3040.7479519391127,5.0,0,8,False
295,2971.1182486524876,2983.0491997428553,3043.0491997428553,11.930951090367671,0,9,False
298,2998.3115132525254,,,60.0,0,7,True
299,3000.762613903364,,,60.0,0,8,True
305,3079.723973500618,3083.0491997428553,3108.0491997428553,3.325226242237477,0,4,False
307,3085.8360155446794,3085.8360155446794,3110.8360155446794,0.0,0,4,False
304,3062.9703832496025,3083.0491997428553,3118.0491997428553,20.078816493252816,0,5,False
306,3081.073963117464,3083.0491997428553,3118.0491997428553,1.975236625391517,0,5,False
300,3031.213712471568,3083.0491997428553,3133.0491997428553,51.83548727128709,0,7,False
308,3093.7057732197454,3098.7057732197454,3138.7057732197454,5.0,0,7,False
303,3050.8363330486022,3083.0491997428553,3143.0491997428553,32.21286669425308,0,8,False
309,3106.211058286328,3135.8360155446794,3145.8360155446794,29.624957258351515,0,1,False
301,3041.6537594613396,3083.0491997428553,3153.0491997428553,41.395440281515675,0,9,False
302,3049.8363330486022,3083.0491997428553,3153.0491997428553,33.21286669425308,0,9,False
316,3127.431667971929,3135.8360155446794,3155.8360155446794,8.40434757275034,0,2,False
314,3114.64170343895,3135.8360155446794,3175.8360155446794,21.194312105729296,0,5,False
310,3107.9948980800696,3135.8360155446794,3185.8360155446794,27.84111746460985,0,6,False
312,3112.336202107331,3135.8360155446794,3185.8360155446794,23.49981343734862,0,6,False
313,3113.64170343895,3135.8360155446794,3185.8360155446794,22.194312105729296,0,6,False
311,3108.9948980800696,3135.8360155446794,3200.8360155446794,26.84111746460985,0,8,False
315,3116.006378485446,3135.8360155446794,3210.8360155446794,19.82963705923339,0,9,False
321,3192.1878492507603,3203.660573920351,3218.660573920351,11.472724669590662,0,2,False
317,3146.2580906051166,3181.2580906051166,3221.2580906051166,35.0,0,7,False
319,3177.6758395872116,3181.2580906051166,3231.2580906051166,3.582251017905037,0,8,False
322,3193.695705614819,3203.660573920351,3233.660573920351,9.964868305532036,0,4,False
323,3200.635088899152,3203.660573920351,3233.660573920351,3.0254850211990743,0,4,False
318,3152.2860965923187,3181.2580906051166,3241.2580906051166,28.97199401279795,0,9,False
324,3202.9612637889522,3203.660573920351,3248.660573920351,0.6993101313987609,0,6,False
320,3183.660573920351,3203.660573920351,3263.660573920351,20.0,0,8,False
330,3257.5509335879947,3260.8360155446794,3275.8360155446794,3.285081956684735,0,2,False
328,3244.216236834363,3260.8360155446794,3295.8360155446794,16.619778710316496,0,5,False
329,3245.7990349556117,3260.8360155446794,3295.8360155446794,15.036980589067753,0,5,False
327,3239.899691980848,3260.8360155446794,3305.8360155446794,20.936323563831593,0,6,False
326,3217.3272042928256,3260.8360155446794,3315.8360155446794,43.508811251853786,0,7,False
325,3205.604898930445,3260.8360155446794,3330.8360155446794,55.23111661423445,0,9,False
331,3280.226976461,3310.226976461,3345.226976461,30.0,0,6,False
333,3311.5580045181237,3320.226976461,3345.226976461,8.668971942876396,0,4,False
332,3296.3904671376145,3310.226976461,3365.226976461,13.836509323385599,0,9,False
336,3369.8656219204854,3370.226976461,3385.226976461,0.36135454051463967,0,2,False
334,3323.0781627340534,3370.226976461,3420.226976461,47.14881372694663,0,8,False
337,3381.6738672790134,3391.6738672790134,3421.6738672790134,10.0,0,5,False
339,3386.473221422057,3391.6738672790134,3421.6738672790134,5.200645856956271,0,5,False
335,3363.29407628163,3370.226976461,3430.226976461,6.932900179369881,0,9,False
338,3382.6738672790134,3391.6738672790134,3431.6738672790134,9.0,0,6,False
342,3427.2158063685624,3438.013457914353,3448.013457914353,10.797651545790359,0,1,False
341,3414.128796371119,3438.013457914353,3473.013457914353,23.88466154323396,0,5,False
344,3459.5532026324286,3472.0592981493737,3487.0592981493737,12.506095516945152,0,2,False
343,3447.0592981493737,3472.0592981493737,3497.0592981493737,25.0,0,3,False
340,3413.013457914353,3438.013457914353,3498.013457914353,25.0,0,9,False
345,3490.3052549270533,3500.3052549270533,3530.3052549270533,10.0,0,5,False
348,3514.3561391645185,3525.6143492420524,3535.6143492420524,11.258210077533931,0,1,False
350,3523.041228139187,3525.6143492420524,3545.6143492420524,2.5731211028655707,0,2,False
346,3492.431014109885,3500.3052549270533,3550.3052549270533,7.874240817168356,0,8,False
352,3526.1546835081695,3555.6143492420524,3565.6143492420524,29.459665733882957,0,1,False
347,3510.6143492420524,3525.6143492420524,3570.6143492420524,15.0,0,6,False
354,3543.681150824048,3555.6143492420524,3575.6143492420524,11.933198418004395,0,2,False
355,3544.681150824048,3555.6143492420524,3575.6143492420524,10.933198418004395,0,2,False
349,3519.520300749773,3525.6143492420524,3585.6143492420524,6.0940484922793985,0,8,False
351,3525.1546835081695,3525.6143492420524,3585.6143492420524,0.4596657338829573,0,8,False
353,3535.9026363068533,3555.6143492420524,3585.6143492420524,19.711712935199103,0,3,False
356,3547.1381748017147,3555.6143492420524,3595.6143492420524,8.476174440337672,0,4,False
360,3560.7643946738162,3595.3052549270533,3610.3052549270533,34.54086025323704,0,2,False
362,3591.204113726206,3595.3052549270533,3610.3052549270533,4.101141200847451,0,2,False
357,3548.1381748017147,3555.6143492420524,3620.6143492420524,7.476174440337672,0,8,False
361,3584.537013223451,3595.3052549270533,3625.3052549270533,10.768241703602143,0,4,False
358,3556.0604350102526,3595.3052549270533,3635.3052549270533,39.24481991680068,0,5,False
359,3558.5855000838233,3595.3052549270533,3635.3052549270533,36.71975484323002,0,5,False
363,3603.170286542347,3638.170286542347,3663.170286542347,35.0,0,4,False
364,3662.8681198555023,3677.8681198555023,3712.8681198555023,15.0,2,8,False
365,3726.527094597013,3731.527094597013,3741.527094597013,5.0,1,2,False
366,3738.382583090819,3743.382583090819,3778.382583090819,5.0,0,6,False
367,3744.77290982174,3763.382583090819,3778.382583090819,18.60967326907894,7,9,False
368,3773.1646803558183,3778.1646803558183,3798.1646803558183,5.0,7,4,False
371,3805.4304189143268,3818.1646803558183,3833.1646803558183,12.734261441491526,1,3,False
369,3777.7320773940883,3813.382583090819,3833.382583090819,35.65050569673076,0,3,False
370,3780.019913229326,3828.382583090819,3848.382583090819,48.36266986149303,4,7,False
373,3840.6231743737435,3840.6231743737435,3860.6231743737435,0.0,3,6,False
372,3818.208492291579,3828.382583090819,3863.382583090819,10.17409079923982,4,9,False
376,3870.603963677829,3875.6231743737435,3895.6231743737435,5.019210695914353,4,2,False
375,3853.015575497563,3885.6231743737435,3895.6231743737435,32.60759887618042,3,2,False
374,3852.015575497563,3862.015575497563,3902.015575497563,10.0,1,8,False
377,3883.8868826926123,3905.6231743737435,3915.6231743737435,21.736291681131206,1,0,False
378,3895.892020502277,3913.382583090819,3928.382583090819,17.49056258854216,2,4,False
379,3910.625590854408,3932.015575497563,3967.015575497563,21.389984643155003,9,4,False
381,3947.636657000999,3948.382583090819,3968.382583090819,0.7459260898199318,7,4,False
382,3959.3414132122134,3959.3414132122134,3974.3414132122134,0.0,6,4,False
380,3924.3659031896377,3947.015575497563,3987.015575497563,22.649672307925357,7,1,False
383,4009.9654737353217,4029.9654737353217,4039.9654737353217,20.0,8,7,False
384,4025.7555717039104,4034.9654737353217,4069.9654737353217,9.209902031411275,7,1,False
386,4079.549674969364,4094.549674969364,4104.549674969364,15.0,6,5,False
385,4065.9610659235927,4075.9610659235927,4125.961065923593,10.0,9,0,False
387,4086.7234740913714,4114.965473735321,4144.965473735321,28.24199964394984,9,4,False
388,4143.913310267236,4143.913310267236,4153.913310267236,0.0,0,1,False
389,4200.2719998423945,4205.2719998423945,4240.2719998423945,5.0,3,9,False
390,4239.851777285599,4245.2719998423945,4295.2719998423945,5.4202225567951245,9,0,False
391,4275.551174129159,4280.551174129159,4310.551174129159,5.0,4,9,False
392,4303.643805952479,4303.643805952479,4318.643805952479,0.0,0,2,False
393,4336.616887677161,4346.616887677161,4356.616887677161,10.0,7,8,False
394,4384.373059173135,4384.373059173135,4404.373059173135,0.0,7,4,False
395,4434.108860336006,4444.108860336006,4484.108860336006,10.0,2,9,False
396,4474.615148006874,4479.615148006874,4489.615148006874,5.0,6,7,False
398,4507.925997191473,4521.08106108117,4531.08106108117,13.155063889697885,5,6,False
397,4501.08106108117,4516.08106108117,4551.08106108117,15.0,1,7,False
399,4525.938175987915,4535.938175987915,4560.938175987915,10.0,5,1,False
400,4541.661246377444,4561.661246377444,4581.661246377444,20.0,2,5,False
401,4628.803549019595,4633.803549019595,4643.803549019595,5.0,6,7,False
402,4644.785766545845,4654.785766545845,4669.785766545845,10.0,4,6,False
404,4665.902254096889,4679.785766545845,4714.785766545845,13.883512448956026,7,1,False
403,4660.189740447766,4675.189740447766,4720.189740447766,15.0,8,0,False
405,4745.656772753025,4760.656772753025,4770.656772753025,15.0,5,4,False
407,4829.638057195517,4834.638057195517,4849.638057195517,5.0,6,8,False
406,4821.38125521365,4826.38125521365,4851.38125521365,5.0,5,1,False
409,4879.038938604261,4884.038938604261,4894.038938604261,5.0,7,6,False
408,4854.897971739614,4861.38125521365,4906.38125521365,6.483283474035488,0,8,False
410,4893.673426704281,4923.673426704281,4943.673426704281,30.0,0,3,False
412,4926.144097012654,4946.38125521365,4966.38125521365,20.23715820099551,9,7,False
411,4915.491290166435,4956.38125521365,4981.38125521365,40.8899650472149,8,5,False
413,4952.820682928569,4964.038938604261,5004.038938604261,11.21825567569158,7,0,False
414,4985.239027130171,4996.38125521365,5006.38125521365,11.142228083478585,3,4,False
416,5004.153546963943,5011.38125521365,5031.38125521365,7.227708249706666,4,7,False
415,4990.136512089534,5020.239027130171,5060.239027130171,30.102515040636717,8,2,False
417,5005.153546963943,5030.239027130171,5070.239027130171,25.08548016622808,7,1,False
419,5056.569376839306,5066.38125521365,5076.38125521365,9.811878374343905,3,2,False
418,5021.992044851376,5059.038938604261,5109.038938604261,37.0468937528849,0,9,False
420,5128.683569737022,5138.683569737022,5163.683569737022,10.0,4,8,False
422,5143.135126399956,5143.683569737022,5178.683569737022,0.5484433370656916,6,1,False
423,5152.1724603998,5163.683569737022,5178.683569737022,11.51110933722157,3,1,False
425,5157.002562805518,5168.683569737022,5198.683569737022,11.681006931503362,2,7,False
421,5130.335468756926,5153.683569737022,5208.683569737022,23.348100980095296,0,8,False
424,5153.755727094086,5173.683569737022,5208.683569737022,19.927842642935502,7,1,False
427,5227.050533599325,5232.050533599325,5247.050533599325,5.0,4,6,False
426,5207.564871178291,5222.564871178291,5247.564871178291,15.0,4,8,False
428,5229.35673498677,5242.050533599325,5267.050533599325,12.693798612554929,7,3,False
429,5285.649917134656,5290.649917134656,5300.649917134656,5.0,7,8,False
430,5289.008058428694,5300.649917134656,5330.649917134656,11.641858705961567,2,6,False
431,5309.971678220457,5310.649917134656,5350.649917134656,0.6782389141990279,3,9,False
432,5319.494484657212,5324.494484657212,5359.494484657212,5.0,8,2,False
433,5390.565352610234,5395.565352610234,5415.565352610234,5.0,1,4,False
434,5569.190773623525,5574.190773623525,5584.190773623525,5.0,6,5,False
435,5571.109662996925,5589.190773623525,5614.190773623525,18.081110626600093,8,4,False
438,5591.756050782554,5599.190773623525,5619.190773623525,7.434722840971517,9,7,False
440,5607.045131445292,5609.190773623525,5619.190773623525,2.1456421782331745,8,7,False
436,5572.109662996925,5614.190773623525,5644.190773623525,42.08111062660009,0,4,False
439,5592.756050782554,5629.190773623525,5664.190773623525,36.43472284097152,2,7,False
437,5589.003440255981,5639.190773623525,5669.190773623525,50.18733336754394,4,9,False
441,5719.998901172628,5724.998901172628,5744.998901172628,5.0,5,8,False
442,5753.296804923079,5753.296804923079,5768.296804923079,0.0,8,6,False
443,5789.348470315759,5794.348470315759,5809.348470315759,5.0,7,5,False
447,5831.530376206188,5839.348470315759,5854.348470315759,7.818094109571575,5,7,False
445,5819.076598171725,5835.942743065985,5855.942743065985,16.866144894260287,6,3,False
444,5810.942743065985,5824.348470315759,5869.348470315759,13.405727249773918,3,9,False
446,5823.925648619912,5835.942743065985,5870.942743065985,12.017094446073315,6,0,False
448,5869.907410804856,5884.907410804856,5909.907410804856,15.0,6,2,False
449,5920.737580773745,5925.737580773745,5965.737580773745,5.0,7,0,False
450,5985.067902663693,5995.067902663693,6030.067902663693,10.0,2,8,False
451,6004.62078011895,6039.62078011895,6064.62078011895,35.0,9,5,False
452,6007.25992848,,,60.0,1,7,True
453,6052.066459223267,6079.62078011895,6119.62078011895,27.554320895683304,1,8,False
456,6093.618328860754,6135.067902663693,6145.067902663693,41.449573802938176,2,1,False
454,6076.829624653763,6109.62078011895,6149.62078011895,32.79115546518733,7,0,False
455,6092.224014052584,,,60.0,2,6,True
458,6165.322642954118,6169.62078011895,6194.62078011895,4.298137164832042,5,9,False
457,6132.447485258165,6180.067902663693,6200.067902663693,47.620417405527405,7,4,False
459,6235.161828812424,6235.161828812424,6265.161828812424,0.0,6,1,False
460,6265.487978548437,6265.487978548437,6285.487978548437,0.0,5,8,False
461,6270.231343053371,6285.231343053371,6295.231343053371,15.0,6,5,False
462,6305.325416608847,6310.325416608847,6320.325416608847,5.0,7,8,False
464,6365.747229362442,6373.462328859628,6388.462328859628,7.715099497185292,1,3,False
465,6366.747229362442,6393.462328859628,6403.462328859628,26.715099497185292,4,3,False
463,6333.462328859628,6368.462328859628,6418.462328859628,35.0,0,9,False
466,6415.295920763441,6425.295920763441,6455.295920763441,10.0,1,6,False
468,6448.175995353968,6451.815769793048,6466.815769793048,3.639774439080611,2,4,False
467,6441.815769793048,6441.815769793048,6486.815769793048,0.0,1,7,False
469,6497.9936563812635,6527.9936563812635,6557.9936563812635,30.0,0,5,False
470,6574.844589386189,6574.844589386189,6599.844589386189,0.0,0,4,False
471,6588.62732920569,6593.62732920569,6603.62732920569,5.0,5,6,False
472,6592.624273479766,6598.62732920569,6608.62732920569,6.003055725924241,2,3,False
473,6625.521826275131,6635.521826275131,6650.521826275131,10.0,8,6,False
474,6663.6682181100905,6673.6682181100905,6713.6682181100905,10.0,9,2,False
475,6777.175515368151,6777.175515368151,6787.175515368151,0.0,2,1,False
476,6818.5710527009,6818.5710527009,6838.5710527009,0.0,9,6,False
478,6837.0572025239635,6848.5710527009,6863.5710527009,11.513850176936103,7,9,False
477,6836.0572025239635,6836.0572025239635,6871.0572025239635,0.0,9,3,False
479,6873.486371927373,6881.0572025239635,6891.0572025239635,7.570830596590895,2,3,False
480,6874.486371927373,6883.486371927373,6903.486371927373,9.0,7,4,False
481,6898.2450474534635,6918.2450474534635,6938.2450474534635,20.0,7,4,False
484,6941.49128521925,6943.2450474534635,6953.2450474534635,1.7537622342133545,2,1,False
483,6915.010066901533,6963.2450474534635,6988.2450474534635,48.234980551930676,4,8,False
482,6910.551898501339,6948.486371927373,6988.486371927373,37.93447342603395,0,7,False
485,6996.882925803241,6996.882925803241,7011.882925803241,0.0,7,5,False
487,7034.517447145214,7038.586085586357,7053.586085586357,4.068638441142866,6,4,False
486,7023.586085586357,7033.586085586357,7063.586085586357,10.0,9,4,False
488,7085.996650303669,7090.996650303669,7110.996650303669,5.0,7,4,False
489,7128.343921973317,7133.343921973317,7153.343921973317,5.0,3,6,False
490,7141.712804778819,7156.712804778819,7191.712804778819,15.0,7,1,False
491,7275.224611884891,7285.224611884891,7305.224611884891,10.0,3,6,False
492,7279.521110969251,7305.224611884891,7335.224611884891,25.70350091563978,9,5,False
493,7301.807790754481,7305.224611884891,7345.224611884891,3.4168211304095166,9,4,False
495,7314.682801847755,7325.224611884891,7345.224611884891,10.541810037135292,6,4,False
494,7311.245710379455,7321.245710379455,7346.245710379455,10.0,4,0,False
498,7358.0760891394175,7378.0760891394175,7398.0760891394175,20.0,7,4,False
496,7327.56464692771,7351.245710379455,7401.245710379455,23.681063451745104,0,9,False
497,7343.66773495873,7351.245710379455,7401.245710379455,7.577975420725124,0,9,False
500,7410.313512026962,7412.4166031184905,7427.4166031184905,2.1030910915287677,5,3,False
499,7407.4166031184905,7412.4166031184905,7447.4166031184905,5.0,3,9,False
502,7436.397392931291,7441.397392931291,7456.397392931291,5.0,4,2,False
501,7422.8701540527345,7432.4166031184905,7467.4166031184905,9.54644906575595,3,9,False
503,7439.373005467405,7466.397392931291,7476.397392931291,27.024387463885432,1,0,False
504,7480.967154579399,7490.967154579399,7510.967154579399,10.0,4,7,False
505,7497.482527300553,7507.482527300553,7557.482527300553,10.0,0,9,False
506,7550.427240153937,7560.427240153937,7580.427240153937,10.0,5,2,False
507,7616.307980875119,7621.307980875119,7641.307980875119,5.0,1,4,False
508,7684.911036302141,7689.911036302141,7699.911036302141,5.0,5,6,False
509,7851.803909285396,7861.803909285396,7871.803909285396,10.0,2,3,False
510,7866.536685186176,7866.803909285396,7906.803909285396,0.2672240992196748,2,8,False
511,7877.4592358586715,7886.803909285396,7906.803909285396,9.344673426724512,5,8,False
512,7895.744355523662,7910.744355523662,7935.744355523662,15.0,8,4,False
513,7898.277803219379,7941.803909285396,7956.803909285396,43.52610606601684,2,4,False
514,7935.608186733292,7965.744355523662,7985.744355523662,30.136168790369993,7,4,False
515,7967.407508594487,7967.407508594487,7992.407508594487,0.0,5,1,False
516,7970.359350419615,7970.744355523662,8005.744355523662,0.38500510404719535,7,1,False
517,8025.804888376955,8030.804888376955,8040.804888376955,5.0,2,3,False
518,8037.051875651167,8052.051875651167,8067.051875651167,15.0,6,8,False
519,8058.122502909379,8058.122502909379,8083.122502909379,0.0,5,1,False
520,8083.721989420748,8083.721989420748,8118.721989420748,0.0,6,0,False
521,8099.563560881718,8114.563560881718,8139.563560881718,15.0,4,8,False
522,8115.422170031358,8128.721989420748,8163.721989420748,13.299819389389995,1,7,False
523,8302.584881558818,8312.584881558818,8322.584881558818,10.0,5,4,False
524,8333.42442923503,8353.42442923503,8373.42442923503,20.0,9,6,False
525,8367.888145847965,8383.42442923503,8408.42442923503,15.53628338706585,5,1,False
526,8407.274761641993,8427.274761641993,8452.274761641993,20.0,3,7,False
527,8413.294680885278,8418.42442923503,8468.42442923503,5.129748349752845,0,9,False
528,8431.125359713094,8456.125359713094,8476.125359713094,25.0,8,5,False
529,8463.627571328385,8473.42442923503,8508.42442923503,9.796857906645528,9,3,False
531,8484.74027393443,8506.934670388133,8521.934670388133,22.19439645370221,4,6,False
530,8481.934670388133,8501.934670388133,8536.934670388133,20.0,1,7,False
532,8527.49502943267,8552.49502943267,8562.49502943267,25.0,1,2,False
534,8536.062672827326,8541.934670388133,8576.934670388133,5.871997560807358,7,1,False
533,8532.830525058864,8542.49502943267,8577.49502943267,9.664504373806267,0,4,False
535,8577.695128636056,8577.695128636056,8592.695128636056,0.0,1,3,False
537,8625.100443579702,8625.100443579702,8635.100443579702,0.0,6,7,False
536,8587.590168106326,8607.590168106326,8642.590168106326,20.0,8,2,False
538,8669.012711512889,8674.012711512889,8694.012711512889,5.0,5,8,False
539,8696.107691042314,8701.107691042314,8721.107691042314,5.0,6,9,False
540,8760.558730075056,8795.558730075056,8820.558730075056,35.0,2,6,False
541,8770.135589938804,8785.558730075056,8830.558730075056,15.423140136252186,1,7,False
542,8787.546322957292,8830.558730075056,8850.558730075056,43.01240711776336,9,6,False
544,8800.612223997221,8845.558730075056,8860.558730075056,44.94650607783478,5,3,False
543,8797.785592940028,8855.558730075056,8880.558730075056,57.773137135027355,4,0,False
545,8928.425226732936,8933.425226732936,8958.425226732936,5.0,7,3,False
546,8939.082008793803,8939.082008793803,8964.082008793803,0.0,5,1,False
547,8965.933208234597,8975.933208234597,8995.933208234597,10.0,5,8,False
549,8989.296977035008,8997.51988364496,9017.51988364496,8.222906609951679,6,4,False
548,8987.51988364496,9007.51988364496,9042.51988364496,20.0,5,0,False
550,9036.658769687903,9046.658769687903,9061.658769687903,10.0,3,1,False
551,9051.218688689636,9066.218688689636,9101.218688689636,15.0,7,1,False
552,9108.73476216417,9113.73476216417,9148.73476216417,5.0,3,9,False
553,9139.939331734084,9154.939331734084,9184.939331734084,15.0,0,5,False
554,9168.764416735481,9183.764416735481,9193.764416735481,15.0,3,2,False
555,9199.701774503472,9219.701774503472,9254.701774503472,20.0,9,3,False
556,9277.083396622715,9287.083396622715,9327.083396622715,10.0,1,8,False
558,9370.99703154929,9375.99703154929,9390.99703154929,5.0,3,5,False
557,9352.065185584983,9357.065185584983,9392.065185584983,5.0,3,9,False
559,9398.009532350412,9408.009532350412,9448.009532350412,10.0,2,9,False
560,9424.837735111616,9434.837735111616,9459.837735111616,10.0,0,4,False
561,9430.667362417,9444.837735111616,9479.837735111616,14.170372694616162,2,8,False
562,9481.249202077324,9481.249202077324,9496.249202077324,0.0,4,2,False
563,9508.715724765987,9513.715724765987,9523.715724765987,5.0,1,0,False
565,9519.889169712444,9523.715724765987,9538.715724765987,3.826555053543416,5,3,False
564,9510.989835475195,9538.715724765987,9553.715724765987,27.72588929079211,2,0,False
566,9551.684711264486,9581.684711264486,9606.684711264486,30.0,9,5,False
567,9584.737563057588,9609.737563057588,9624.737563057588,25.0,0,2,False
568,9597.410460780726,9611.684711264486,9636.684711264486,14.274250483760625,4,0,False
569,9696.18784733108,9696.18784733108,9721.18784733108,0.0,2,6,False
570,9832.368820708942,9842.368820708942,9882.368820708942,10.0,8,1,False
571,9853.64223280409,9863.64223280409,9898.64223280409,10.0,1,7,False
573,9876.54008788011,9894.73007455874,9904.73007455874,18.189986678629793,8,9,False
572,9869.73007455874,9903.64223280409,9918.64223280409,33.91215824534993,7,5,False
574,9911.845765080023,9931.845765080023,9966.845765080023,20.0,1,7,False
577,9982.172214851098,9986.845765080023,10011.845765080023,4.673550228924796,8,4,False
575,9954.410064810514,9986.845765080023,10021.845765080023,32.43570026950874,8,3,False
576,9971.439230129856,9979.410064810514,10029.410064810514,7.9708346806582995,9,0,False
578,10026.235703469823,10031.235703469823,10071.235703469823,5.0,7,0,False
579,10043.453846592622,10043.453846592622,10083.453846592622,0.0,0,7,False
580,10182.317911216693,10187.317911216693,10217.317911216693,5.0,6,1,False
581,10233.545598884924,10243.545598884924,10278.545598884924,10.0,7,1,False
582,10283.426669138516,10283.545598884924,10308.545598884924,0.11892974640795728,1,5,False
583,10293.859849953536,10323.859849953536,10363.859849953536,30.0,9,2,False
584,10389.446258695496,10394.446258695496,10404.446258695496,5.0,1,2,False
587,10437.305590211015,10439.830218777406,10449.830218777406,2.5246285663906747,5,6,False
585,10415.160493283047,10425.160493283047,10455.160493283047,10.0,4,9,False
586,10434.830218777406,10454.830218777406,10464.830218777406,20.0,9,8,False
588,10508.930381685994,10508.930381685994,10518.930381685994,0.0,9,8,False
589,10519.958222762009,10534.958222762009,10554.958222762009,15.0,4,7,False
590,10534.80197561761,10553.930381685994,10563.930381685994,19.1284060683829,8,9,False
591,10536.924188105302,10559.958222762009,10589.958222762009,23.034034656706353,6,1,False
594,10575.006140610458,10578.930381685994,10603.930381685994,3.9242410755359742,7,3,False
593,10549.219678906024,10604.958222762009,10624.958222762009,55.73854385598497,3,6,False
595,10595.943869994642,10619.958222762009,10629.958222762009,24.01435276736629,6,5,False
596,10623.375355865111,10628.930381685994,10638.930381685994,5.5550258208822925,7,6,False
592,10544.191696924992,10589.958222762009,10639.958222762009,45.76652583701616,1,8,False
598,10668.761782513837,10668.761782513837,10678.761782513837,0.0,5,6,False
597,10651.6057211949,10651.6057211949,10681.6057211949,0.0,6,1,False
599,10672.204840411376,10683.761782513837,10693.761782513837,11.556942102461107,5,4,False
600,10680.859225418537,10683.761782513837,10708.761782513837,2.902557095299926,5,2,False
603,10698.13020423821,10698.145775939434,10723.145775939434,0.015571701223962009,1,5,False
601,10682.12591971618,10688.761782513837,10723.761782513837,6.635862797656955,7,1,False
602,10693.145775939434,10698.145775939434,10733.145775939434,5.0,1,6,False
604,10750.588730643101,10750.588730643101,10785.588730643101,0.0,2,8,False
605,10803.685505605861,10808.685505605861,10858.685505605861,5.0,0,9,False
606,10877.175007553244,10882.175007553244,10902.175007553244,5.0,8,5,False
607,10919.17300285298,10939.17300285298,10969.17300285298,20.0,1,6,False
608,11001.356462769121,11006.356462769121,11016.356462769121,5.0,5,6,False
609,11036.69676571132,11051.69676571132,11076.69676571132,15.0,0,4,False
610,11061.998812659815,11096.998812659815,11126.998812659815,35.0,9,4,False
611,11202.231108651795,11207.231108651795,11232.231108651795,5.0,5,1,False
612,11214.186280313354,11224.186280313354,11234.186280313354,10.0,9,8,False
613,11281.247485906633,11291.247485906633,11301.247485906633,10.0,3,2,False
614,11310.905601807543,11315.905601807543,11340.905601807543,5.0,7,3,False
615,11316.773535003518,11335.905601807543,11360.905601807543,19.13206680402436,1,5,False
616,11323.187228140805,11365.905601807543,11385.905601807543,42.718373666737534,8,5,False
617,11352.915295034381,11395.905601807543,11415.905601807543,42.99030677316114,1,4,False
619,11415.35190353605,11415.905601807543,11430.905601807543,0.5536982714929763,6,8,False
620,11431.91652773245,11435.905601807543,11445.905601807543,3.9890740750925033,9,8,False
618,11391.53210562195,11435.905601807543,11475.905601807543,44.37349618559165,9,3,False
622,11478.583166397491,11486.327966689913,11511.327966689913,7.744800292421132,4,0,False
623,11479.917787839186,11501.327966689913,11516.327966689913,21.41017885072688,2,4,False
624,11488.519291528168,11520.905601807543,11530.905601807543,32.38631027937481,4,5,False
621,11466.327966689913,11495.905601807543,11555.905601807543,29.577635117630052,0,9,False
625,11631.878636573689,11636.878636573689,11666.878636573689,5.0,5,0,False
626,11675.224914141521,11680.224914141521,11720.224914141521,5.0,2,9,False
627,11715.184369901695,11720.184369901695,11750.184369901695,5.0,6,1,False
628,11781.885585207561,11786.885585207561,11801.885585207561,5.0,2,0,False
629,11811.555117275615,11816.555117275615,11856.555117275615,5.0,1,8,False
630,11849.100523503563,11859.100523503563,11879.100523503563,10.0,3,6,False
631,11941.315284715849,11941.315284715849,11951.315284715849,0.0,6,7,False
632,12100.424002570695,12105.424002570695,12125.424002570695,5.0,5,2,False
633,12179.616220821292,12179.616220821292,12189.616220821292,0.0,5,4,False
634,12219.495915972117,12224.495915972117,12249.495915972117,5.0,5,9,False
635,12235.712621224555,12254.495915972117,12299.495915972117,18.78329474756174,9,1,False
636,12262.726820094791,12307.726820094791,12322.726820094791,45.0,0,2,False
638,12360.437135051208,12360.437135051208,12370.437135051208,0.0,0,1,False
637,12358.985034116813,12358.985034116813,12398.985034116813,0.0,2,9,False
639,12386.579822300115,12401.579822300115,12421.579822300115,15.0,4,7,False
640,12435.354125946524,12440.354125946524,12450.354125946524,5.0,6,7,False
641,12502.798450618104,12512.798450618104,12527.798450618104,10.0,9,7,False
642,12528.494534915542,12537.798450618104,12552.798450618104,9.303915702561426,6,4,False
643,12546.440807631114,12561.440807631114,12591.440807631114,15.0,3,8,False
644,12586.31500565794,12596.31500565794,12621.31500565794,10.0,1,5,False
647,12622.54779046403,12636.31500565794,12646.31500565794,13.767215193909578,7,8,False
646,12618.389479116144,12623.723404204107,12653.723404204107,5.333925087963507,4,9,False
645,12608.723404204107,12618.723404204107,12653.723404204107,10.0,6,1,False
648,12625.805786292558,12633.723404204107,12663.723404204107,7.917617911549314,4,0,False
649,12683.179107208873,12698.179107208873,12718.179107208873,15.0,3,6,False
651,12699.54219667465,12723.179107208873,12743.179107208873,23.636910534221897,0,3,False
652,12748.794511477943,12753.794511477943,12763.794511477943,5.0,4,3,False
650,12685.795837320797,12738.179107208873,12788.179107208873,52.38326988807603,9,0,False
653,12764.30437241044,12773.794511477943,12788.794511477943,9.49013906750406,2,4,False
654,12877.720949581417,12877.720949581417,12887.720949581417,0.0,4,5,False
655,12904.139249187627,12909.139249187627,12919.139249187627,5.0,1,0,False
657,12927.208400859168,12934.139249187627,12959.139249187627,6.930848328458524,2,6,False
656,12919.907909789934,12949.907909789934,12959.907909789934,30.0,7,6,False
659,12936.41741788434,12944.907909789934,12964.907909789934,8.490491905593444,8,5,False
658,12935.41741788434,12944.907909789934,12979.907909789934,9.490491905593444,8,3,False
663,13001.694083126285,13004.907909789934,13029.907909789934,3.213826663648433,1,5,False
661,12969.123338174115,12998.123338174115,13033.123338174115,29.0,0,6,False
662,12986.85132440617,12998.123338174115,13038.123338174115,11.272013767944372,0,7,False
660,12968.123338174115,13004.907909789934,13039.907909789934,36.784571615819004,1,6,False
664,13007.066007422778,13053.123338174115,13073.123338174115,46.05733075133685,9,6,False
665,13016.150989867601,13053.123338174115,13073.123338174115,36.972348306513595,9,6,False
666,13041.82054068624,13064.907909789934,13079.907909789934,23.087369103694073,6,4,False
667,13052.000222867515,13099.907909789934,13129.907909789934,47.90768692241909,1,6,False
668,13131.12291260668,13136.12291260668,13166.12291260668,5.0,0,5,False
669,13138.870496970783,13148.870496970783,13188.870496970783,10.0,2,9,False
670,13179.355103016576,13189.355103016576,13204.355103016576,10.0,7,5,False
672,13206.769148714542,13219.355103016576,13234.355103016576,12.585954302034224,1,3,False
671,13189.938512797558,13219.355103016576,13254.355103016576,29.416590219017962,1,6,False
673,13210.273221059464,13238.870496970783,13258.870496970783,28.59727591131923,6,9,False
674,13286.457971105232,13286.457971105232,13301.457971105232,0.0,6,8,False
676,13343.918218701454,13361.622197710525,13371.622197710525,17.70397900907119,4,5,False
677,13363.071420110722,13371.622197710525,13386.622197710525,8.550777599803041,3,5,False
675,13336.622197710525,13356.622197710525,13396.622197710525,20.0,1,6,False
678,13433.911072240118,13438.911072240118,13448.911072240118,5.0,2,1,False
681,13477.626734234294,13479.083203062311,13499.083203062311,1.456468828017023,5,2,False
680,13471.813988206704,13471.813988206704,13501.813988206704,0.0,8,3,False
682,13478.626734234294,13492.626734234294,13507.626734234294,14.0,3,1,False
679,13444.083203062311,13459.083203062311,13509.083203062311,15.0,8,1,False
683,13485.698208537633,13511.813988206704,13526.813988206704,26.115779669071344,2,4,False
684,13583.844494033772,13588.844494033772,13598.844494033772,5.0,3,2,False
685,13587.25942940172,13623.844494033772,13663.844494033772,36.58506463205231,9,2,False
686,13616.33241439654,13658.844494033772,13668.844494033772,42.51207963723209,1,2,False
687,13648.486446335652,13693.844494033772,13708.844494033772,45.35804769812057,7,9,False
688,13676.397695722711,13703.844494033772,13718.844494033772,27.446798311060775,9,7,False
689,13756.407086620113,13756.407086620113,13781.407086620113,0.0,9,5,False
690,13773.664531877695,13786.407086620113,13806.407086620113,12.74255474241727,5,2,False
691,13835.947135280585,13840.947135280585,13875.947135280585,5.0,7,1,False
692,13873.633267933748,13873.633267933748,13893.633267933748,0.0,7,4,False
693,13903.36418758162,13903.36418758162,13933.36418758162,0.0,4,9,False
694,13906.425862337559,13911.425862337559,13941.425862337559,5.0,0,5,False
695,13916.371756063885,13943.36418758162,13983.36418758162,26.992431517734076,8,1,False
696,13979.90257881003,13984.90257881003,14004.90257881003,5.0,4,7,False
697,13991.902982280508,13996.902982280508,14036.902982280508,5.0,7,0,False
698,14003.967637630974,14018.967637630974,14048.967637630974,15.0,0,5,False
699,14036.439929543429,14041.439929543429,14061.439929543429,5.0,4,1,False
701,14063.698000032144,14088.698000032144,14098.698000032144,25.0,9,8,False
700,14050.132858163579,14055.132858163579,14100.132858163579,5.0,1,9,False
702,14113.77557726693,14113.77557726693,14123.77557726693,0.0,6,7,False
703,14200.19337028927,14205.19337028927,14215.19337028927,5.0,9,8,False
705,14228.518923202591,,,60.0,9,3,True
704,14217.426326738645,14260.19337028927,14300.19337028927,42.767043550624294,0,7,False
707,14247.21582223429,14297.426326738645,14307.426326738645,50.21050450435541,7,8,False
706,14235.34944313935,14287.426326738645,14312.426326738645,52.07688359929489,5,9,False
709,14286.34699053029,14305.19337028927,14345.19337028927,18.84637975897931,7,1,False
708,14277.968038254927,14335.19337028927,14355.19337028927,57.2253320343425,2,0,False
710,14336.148789607312,14337.426326738645,14362.426326738645,1.2775371313327923,5,1,False
711,14360.258785871021,14385.258785871021,14420.258785871021,25.0,8,2,False
712,14451.949710828538,14461.949710828538,14481.949710828538,10.0,0,3,False
714,14480.475307446373,14496.949710828538,14556.949710828538,16.474403382164382,9,0,False
713,14455.72298362331,14506.949710828538,14556.949710828538,51.2267272052286,8,0,False
716,14510.57561760034,14526.949710828538,14556.949710828538,16.374093228198035,5,0,False
715,14489.2428727491,14516.949710828538,14556.949710828538,27.706838079437148,6,0,False
718,14544.457073528289,14546.949710828538,14556.949710828538,2.4926373002490436,1,0,False
717,14524.292807090938,14536.949710828538,14581.949710828538,12.65690373759935,7,0,False
719,14549.256301578322,14566.949710828538,14581.949710828538,17.693409250216064,2,0,False
720,14558.803595251917,14566.949710828538,14581.949710828538,8.146115576621014,2,0,False
721,14559.803595251917,14586.949710828538,14621.949710828538,27.146115576621014,5,0,False
722,14599.195221936587,14601.949710828538,14621.949710828538,2.7544888919510413,3,0,False
723,14600.654751587219,14609.195221936587,14624.195221936587,8.540470349367752,2,0,False
726,14648.702213370327,14666.949710828538,14681.949710828538,18.247497458211,2,0,False
725,14615.38702721614,14639.195221936587,14684.195221936587,23.80819472044641,7,0,False
724,14613.463956167154,14649.195221936587,14684.195221936587,35.731265769432866,6,0,False
728,14669.548977532342,14716.949710828538,14751.949710828538,47.40073329619554,6,0,False
727,14658.476557999938,14704.195221936587,14754.195221936587,45.71866393664823,9,0,False
729,14672.210511129615,14704.195221936587,14754.195221936587,31.984710806971634,9,0,False
730,14724.239377752505,14729.239377752505,14769.239377752505,5.0,7,0,False
731,14756.215620981151,14761.949710828538,14771.949710828538,5.734089847386713,1,0,False
733,14770.462183127802,14806.949710828538,14831.949710828538,36.48752770073588,4,0,False
735,14774.906995869605,14806.949710828538,14831.949710828538,32.042714958932265,4,0,False
732,14763.236548518225,14799.239377752505,14834.239377752505,36.00282923427949,5,0,False
736,14796.974029101602,14814.239377752505,14834.239377752505,17.265348650902524,3,0,False
734,14771.576726341467,14799.195221936587,14849.195221936587,27.618495595119384,8,0,False
737,14808.268455407453,14819.195221936587,14849.195221936587,10.926766529133602,5,0,False
738,14878.06759257105,14923.06759257105,14973.06759257105,45.0,9,0,False
740,14899.880717169932,14933.06759257105,14973.06759257105,33.186875401117504,7,0,False
739,14892.69698182971,14938.06759257105,14973.06759257105,45.37061074133999,6,0,False
741,14959.210311587749,,,60.0,3,0,True
742,14960.30507647905,,,60.0,3,0,True
743,14971.945479902446,,,60.0,1,0,True
745,14977.490841953586,15018.06759257105,15063.06759257105,40.576750617463404,8,0,False
744,14974.069796322423,15028.06759257105,15063.06759257105,53.9977962486264,6,0,False
747,15027.122497877564,15053.06759257105,15118.06759257105,25.94509469348486,9,0,False
746,15019.716585247783,15063.06759257105,15118.06759257105,43.35100732326646,8,0,False
748,15043.960804091754,15083.06759257105,15118.06759257105,39.106788479295574,5,0,False
749,15050.96536751264,15093.06759257105,15118.06759257105,42.10222505841011,4,0,False
750,15065.113613224428,15108.06759257105,15153.06759257105,42.953979346621054,8,0,False
751,15132.879801742773,15147.879801742773,15177.879801742773,15.0,5,0,False
753,15211.172191085345,15221.172191085345,15241.172191085345,10.0,3,0,False
752,15176.76224669121,15206.76224669121,15261.76224669121,30.0,9,0,False
754,15238.25631057381,15241.76224669121,15261.76224669121,3.505936117400779,3,0,False
755,15264.805862007941,15279.805862007941,15289.805862007941,15.0,1,0,False
756,15265.805862007941,,,60.0,6,0,True
760,15301.876931926097,15316.76224669121,15366.76224669121,14.885314765113435,8,0,False
758,15280.394834843915,15336.76224669121,15366.76224669121,56.36741184729544,5,0,False
757,15269.54748343269,15309.805862007941,15369.805862007941,40.25837857525039,9,0,False
761,15321.116410548526,15324.805862007941,15369.805862007941,3.689451459415068,7,0,False
759,15298.424617313754,15349.805862007941,15369.805862007941,51.381244694186535,3,0,False
764,15359.097631289564,15374.46818054593,15424.46818054593,15.370549256365848,7,0,False
763,15357.795377849845,15384.46818054593,15424.46818054593,26.672802696084545,6,0,False
762,15354.46818054593,15399.46818054593,15424.46818054593,45.0,4,0,False
766,15387.67182169507,15399.46818054593,15424.46818054593,11.796358850859178,4,0,False
765,15386.383146326016,15406.76224669121,15456.76224669121,20.379100365194972,7,0,False
768,15423.322971580748,15426.76224669121,15456.76224669121,3.439275110462404,4,0,False
767,15420.69658927432,15441.76224669121,15456.76224669121,21.065657416891554,2,0,False
771,15452.636368462467,15470.69658927432,15490.69658927432,18.06022081185256,3,0,False
769,15436.93221672221,15459.46818054593,15509.46818054593,22.535963823718703,6,0,False
770,15449.229681545314,15459.46818054593,15509.46818054593,10.238499000615775,6,0,False
772,15462.62742223484,15469.46818054593,15509.46818054593,6.840758311089303,5,0,False
773,15470.946641782533,15484.46818054593,15509.46818054593,13.521538763396165,3,0,False
775,15487.769029232468,15494.46818054593,15509.46818054593,6.699151313461698,2,0,False
774,15471.946641782533,15501.76224669121,15546.76224669121,29.815604908677415,8,0,False
776,15546.175030293643,15561.175030293643,15591.175030293643,15.0,5,0,False
779,15563.512681254808,15566.175030293643,15591.175030293643,2.6623490388356004,4,0,False
777,15548.615035187355,15566.76224669121,15591.76224669121,18.147211503855942,3,0,False
778,15549.615035187355,15576.76224669121,15591.76224669121,27.147211503855942,2,0,False
780,15608.931511054407,15618.931511054407,15633.931511054407,10.0,2,0,False
781,15668.293468493832,15673.293468493832,15693.293468493832,5.0,3,6,False
782,15812.564355697281,15827.564355697281,15842.564355697281,15.0,9,7,False
783,15833.869176810267,15858.869176810267,15893.869176810267,25.0,1,7,False
784,15919.335979303032,15929.335979303032,15939.335979303032,10.0,9,8,False
787,15957.112738280472,15960.167149525945,15975.167149525945,3.0544112454736023,2,4,False
785,15935.167149525945,15955.167149525945,16000.167149525945,20.0,0,8,False
789,15969.601755826077,15989.335979303032,16014.335979303032,19.734223476954867,9,5,False
788,15961.033480892609,15990.167149525945,16025.167149525945,29.13366863333613,6,0,False
786,15949.341538955752,15989.335979303032,16029.335979303032,39.99444034728003,9,3,False
791,16024.826460524251,16027.340211833358,16052.340211833358,2.5137513091067376,6,2,False
790,16017.340211833358,16034.335979303032,16069.335979303032,16.99576746967432,3,9,False
792,16044.343655096694,16044.343655096694,16084.343655096694,0.0,1,8,False
797,16091.111393369374,16092.340211833358,16102.340211833358,1.228818463983771,5,4,False
793,16046.108134154625,16092.340211833358,16122.340211833358,46.23207767873282,5,1,False
794,16062.977851577747,16079.335979303032,16124.335979303032,16.358127725285158,8,0,False
795,16085.25220921347,,,60.0,6,7,True
798,16129.08399948298,16129.335979303032,16159.335979303032,0.251979820051929,0,5,False
796,16086.650245953486,16129.335979303032,16169.335979303032,42.685733349546354,0,6,False
799,16144.48529989454,16157.340211833358,16182.340211833358,12.854911938817168,1,5,False
800,16180.840068256355,16185.840068256355,16200.840068256355,5.0,3,1,False
801,16219.629295361083,16239.629295361083,16264.629295361083,20.0,9,5,False
802,16244.114461314823,16264.629295361083,16279.629295361083,20.514834046260148,2,0,False
803,16283.678930311218,16283.678930311218,16303.678930311218,0.0,5,8,False
804,16348.486309612847,16348.486309612847,16368.486309612847,0.0,5,2,False
806,16393.775013106155,16400.809081870004,16410.809081870004,7.0340687638490635,2,1,False
805,16390.809081870004,16395.809081870004,16425.809081870004,5.0,7,2,False
807,16435.94338513001,16455.94338513001,16495.94338513001,20.0,7,0,False
808,16487.935868389843,16497.935868389843,16507.935868389843,10.0,4,3,False
809,16530.09632293534,16530.09632293534,16550.09632293534,0.0,0,3,False
810,16547.175877021033,16562.175877021033,16592.175877021033,15.0,0,5,False
811,16557.111968047946,16580.09632293534,16605.09632293534,22.984354887394147,4,8,False
812,16632.125415150353,16637.125415150353,16652.125415150353,5.0,6,8,False
813,16636.61195149221,16637.125415150353,16657.125415150353,0.5134636581424274,7,4,False
814,16664.09549443616,16684.09549443616,16704.09549443616,20.0,0,3,False
815,16665.367110405223,16694.09549443616,16704.09549443616,28.72838403093556,4,5,False
816,16700.376363951218,16705.376363951218,16735.376363951218,5.0,0,5,False
817,16750.493877104316,16755.493877104316,16775.493877104316,5.0,4,1,False
818,16941.471535665343,16946.471535665343,16956.471535665343,5.0,5,6,False
819,16969.5432379006,16979.5432379006,17024.5432379006,10.0,0,8,False
820,16982.582001654537,16994.5432379006,17029.5432379006,11.9612362460648,0,6,False
821,16998.92171917226,16999.5432379006,17044.5432379006,0.6215187283414707,0,8,False
823,17079.48706659404,17095.319221520494,17110.319221520494,15.832154926454677,0,2,False
824,17089.453926846596,17095.319221520494,17110.319221520494,5.865294673898461,0,2,False
825,17102.69320459726,17107.69320459726,17127.69320459726,5.0,0,3,False
822,17065.319221520494,17095.319221520494,17135.319221520494,30.0,0,6,False
826,17107.444239220662,17107.69320459726,17142.69320459726,0.2489653765987896,0,6,False
827,17116.386722264335,17147.69320459726,17162.69320459726,31.306482332925953,0,2,False
828,17191.367828791495,17201.367828791495,17231.367828791495,10.0,0,5,False
829,17212.958299193877,17217.958299193877,17262.958299193877,5.0,0,8,False
830,17247.371029051024,17247.371029051024,17267.371029051024,0.0,0,3,False
832,17251.674435979472,17272.371029051024,17282.371029051024,20.696593071552343,0,1,False
834,17290.93691083333,17300.93691083333,17310.93691083333,10.0,0,1,False
831,17248.51302602414,17272.371029051024,17312.371029051024,23.858003026885854,0,6,False
833,17252.674435979472,17272.371029051024,17322.371029051024,19.696593071552343,0,7,False
837,17312.644861263627,17320.93691083333,17330.93691083333,8.292049569703522,0,1,False
839,17325.295789402855,17325.93691083333,17345.93691083333,0.641121430475323,0,3,False
835,17303.21515916277,17320.93691083333,17365.93691083333,17.72175167056048,0,7,False
838,17323.7252248592,17325.93691083333,17375.93691083333,2.211685974129068,0,8,False
836,17305.675608694888,17320.93691083333,17380.93691083333,15.261302138442261,0,9,False
842,17360.273815372588,17377.298530337153,17387.298530337153,17.024714964565646,0,1,False
840,17342.298530337153,17377.298530337153,17407.298530337153,35.0,0,4,False
841,17352.438286779652,17377.298530337153,17422.298530337153,24.860243557501235,0,6,False
845,17405.01327049398,17421.046138852096,17436.046138852096,16.032868358117412,0,2,False
843,17365.865941021562,17377.298530337153,17437.298530337153,11.43258931559103,0,8,False
844,17381.046138852096,17421.046138852096,17461.046138852096,40.0,0,6,False
847,17413.539456602964,17421.046138852096,17471.046138852096,7.5066822491317,0,7,False
849,17463.734219865288,17464.094586535695,17479.094586535695,0.36036667040752945,0,2,False
846,17409.73430842367,17421.046138852096,17486.046138852096,11.31183042842531,0,9,False
848,17459.094586535695,17464.094586535695,17499.094586535695,5.0,0,5,False
850,17475.476301159506,17505.476301159506,17525.476301159506,30.0,0,3,False
853,17525.555441658053,17533.689667589693,17563.689667589693,8.134225931640685,0,5,False
855,17530.731984227124,17533.689667589693,17563.689667589693,2.957683362568787,0,5,False
856,17533.97365743948,17543.689667589693,17568.689667589693,9.716010150212242,0,4,False
857,17551.54219336366,17551.54219336366,17571.54219336366,0.0,0,3,False
854,17526.95937762022,17533.689667589693,17583.689667589693,6.730289969473233,0,8,False
851,17513.689667589693,17533.689667589693,17593.689667589693,20.0,0,9,False
852,17524.555441658053,17533.689667589693,17593.689667589693,9.134225931640685,0,9,False
858,17556.790518427933,17591.54219336366,17636.54219336366,34.75167493572735,0,8,False
859,17600.80169483627,17600.80169483627,17645.80169483627,0.0,0,8,False
861,17611.758511774413,17645.80169483627,17660.80169483627,34.043183061858144,0,2,False
863,17632.964834562776,17645.80169483627,17670.80169483627,12.836860273495404,0,3,False
862,17617.1670991021,17645.80169483627,17685.80169483627,28.634595734172763,0,5,False
860,17603.66861360119,17645.80169483627,17695.80169483627,42.1330812350825,0,6,False
865,17661.119939391727,17696.119939391727,17711.119939391727,35.0,0,2,False
864,17641.77292551955,17645.80169483627,17715.80169483627,4.028769316719263,0,9,False
866,17666.740933887017,17696.119939391727,17721.119939391727,29.37900550471022,0,3,False
868,17689.67455187347,17696.119939391727,17741.119939391727,6.445387518255302,0,6,False
869,17703.45280818239,17703.45280818239,17748.45280818239,0.0,0,8,False
867,17680.85811302824,17696.119939391727,17756.119939391727,15.261826363486762,0,8,False
870,17728.10069004856,17773.10069004856,17788.10069004856,45.0,0,2,False
871,17749.998791076003,17773.10069004856,17808.10069004856,23.101898972556228,0,5,False
872,17763.786411936435,17773.10069004856,17828.10069004856,9.314278112124157,0,8,False
874,17792.81522730758,17811.81522730758,17831.81522730758,19.0,0,3,False
875,17819.903490442746,17819.903490442746,17834.903490442746,0.0,0,2,False
873,17791.81522730758,17811.81522730758,17856.81522730758,20.0,0,7,False
877,17906.71156918677,17909.145543601844,17929.145543601844,2.433974415074772,0,3,False
878,17913.640921057835,17934.145543601844,17954.145543601844,20.50462254400918,0,3,False
880,17937.684346970866,17939.145543601844,17954.145543601844,1.4611966309785203,0,2,False
876,17899.145543601844,17909.145543601844,17959.145543601844,10.0,0,8,False
879,17920.011036869062,17934.145543601844,17989.145543601844,14.134506732782029,0,9,False
882,17946.85496276395,17969.145543601844,17989.145543601844,22.290580837892776,0,3,False
881,17945.85496276395,17969.145543601844,18004.145543601844,23.290580837892776,0,5,False
883,17969.315103481407,18004.145543601844,18029.145543601844,34.83044012043683,0,4,False
885,18015.603642545204,18040.603642545204,18055.603642545204,25.0,0,2,False
884,17983.394830943605,18004.145543601844,18059.145543601844,20.750712658238626,0,9,False
886,18026.227195209973,18070.603642545204,18080.603642545204,44.376447335231205,4,3,False
887,18053.49235749528,18069.145543601844,18094.145543601844,15.653186106563226,8,4,False
888,18112.774046813927,18117.774046813927,18132.774046813927,5.0,2,4,False
889,18151.12324933072,18176.12324933072,18186.12324933072,25.0,9,8,False
890,18183.94476002422,18218.94476002422,18258.94476002422,35.0,1,8,False
891,18265.50475780468,18265.50475780468,18305.50475780468,0.0,2,9,False
892,18306.68896197465,18310.50475780468,18350.50475780468,3.8157958300289465,9,2,False
893,18318.662831332404,18318.662831332404,18358.662831332404,0.0,2,9,False
894,18323.212959866305,18333.662831332404,18358.662831332404,10.449871466098557,9,5,False
895,18335.98464675102,18363.662831332404,18413.662831332404,27.678184581382084,9,0,False
896,18413.794303500596,18418.662831332404,18428.662831332404,4.868527831808024,0,1,False
897,18423.310868129785,18438.310868129785,18488.310868129785,15.0,0,9,False
898,18441.75827673899,,,60.0,4,3,True
899,18442.75827673899,18486.75827673899,18506.75827673899,44.0,9,6,False
900,18468.718900895885,18486.75827673899,18541.75827673899,18.039375843105518,9,0,False
901,18558.769083783805,18558.769083783805,18568.769083783805,0.0,7,8,False
902,18577.87799943795,18592.87799943795,18612.87799943795,15.0,4,7,False
903,18608.725052430087,18613.725052430087,18633.725052430087,5.0,3,6,False
904,18662.07969641627,18667.07969641627,18687.07969641627,5.0,4,7,False
905,18670.107385980296,18687.07969641627,18697.07969641627,16.97231043597276,1,0,False
907,18692.486786260113,18697.07969641627,18707.07969641627,4.592910156155995,6,7,False
906,18677.688967611033,18697.07969641627,18727.07969641627,19.390728805235995,2,7,False
908,18761.511676068556,18761.511676068556,18786.511676068556,0.0,7,3,False
910,18779.336096851952,18784.43646721315,18804.43646721315,5.100370361196838,2,5,False
909,18774.43646721315,18784.43646721315,18809.43646721315,10.0,5,9,False
911,18801.96002511065,18809.43646721315,18819.43646721315,7.476442102499277,5,6,False
912,18819.158504638854,18834.158504638854,18854.158504638854,15.0,2,5,False
913,18860.059293053193,18875.059293053193,18915.059293053193,15.0,8,1,False
914,18895.136241914886,18910.136241914886,18925.136241914886,15.0,5,3,False
917,18923.46176480344,18930.136241914886,18940.136241914886,6.674477111446322,3,2,False
916,18917.858517727534,18935.059293053193,18955.059293053193,17.20077532565847,4,7,False
918,18927.822932279614,18950.136241914886,18960.136241914886,22.313309635272162,1,0,False
915,18916.5748436807,18926.5748436807,18961.5748436807,10.0,7,1,False
919,19082.85203714842,19097.85203714842,19112.85203714842,15.0,4,6,False
920,19114.137296863548,19132.85203714842,19152.85203714842,18.714740284871368,9,6,False
921,19152.10634858452,19172.85203714842,19182.85203714842,20.74568856390033,3,2,False
923,19171.396773433582,19187.10634858452,19202.10634858452,15.709575150936871,5,3,False
922,19164.453439888413,19187.10634858452,19212.10634858452,22.652908696105442,5,9,False
924,19190.147584616574,19190.147584616574,19220.147584616574,0.0,2,7,False
925,19192.034152257536,19222.10634858452,19232.10634858452,30.07219632698252,8,7,False
926,19193.034152257536,19225.147584616574,19245.147584616574,32.11343235903769,7,4,False
927,19230.864616914372,19230.864616914372,19270.864616914372,0.0,7,0,False
928,19260.84306496666,19275.84306496666,19305.84306496666,15.0,1,6,False
929,19286.534477328507,19311.534477328507,19321.534477328507,25.0,8,7,False
931,19314.141155153837,19321.534477328507,19351.534477328507,7.393322174670175,5,0,False
930,19305.824757220445,19335.84306496666,19375.84306496666,30.018307746213395,3,9,False
933,19350.869967109,19360.84306496666,19375.84306496666,9.973097857659013,7,9,False
932,19339.24606051707,19356.534477328507,19381.534477328507,17.288416811436036,0,4,False
934,19358.56977777693,19389.24606051707,19409.24606051707,30.676282740139868,7,4,False
935,19395.857478456965,19400.857478456965,19445.857478456965,5.0,8,0,False
937,19414.662159593947,19430.857478456965,19445.857478456965,16.195318863017746,2,4,False
936,19405.113693142746,19429.24606051707,19464.24606051707,24.13236737432453,1,6,False
938,19423.207411569383,19454.24606051707,19464.24606051707,31.03864894768776,5,6,False
939,19460.502867175728,19460.502867175728,19490.502867175728,0.0,5,0,False
940,19485.046501751916,19485.046501751916,19520.046501751916,0.0,6,0,False
941,19513.62965917581,19553.62965917581,19563.62965917581,40.0,9,8,False
943,19582.654711497926,19583.26627499202,19608.26627499202,0.6115634940942982,8,4,False
942,19578.26627499202,19593.26627499202,19608.26627499202,15.0,3,5,False
945,19610.730816288455,19628.26627499202,19638.26627499202,17.535458703565382,8,7,False
944,19609.730816288455,19624.730816288455,19654.730816288455,15.0,1,6,False
946,19690.408801872494,19695.408801872494,19720.408801872494,5.0,8,4,False
948,19716.215208411068,19735.408801872494,19745.408801872494,19.193593461426644,2,1,False
947,19702.188770027555,19707.188770027555,19752.188770027555,5.0,9,1,False
949,19788.707674772468,19808.707674772468,19818.707674772468,20.0,6,5,False
950,19820.378802507035,19823.707674772468,19843.707674772468,3.3288722654324374,5,8,False
951,19829.49071572224,19829.49071572224,19849.49071572224,0.0,5,2,False
953,19855.522962683626,19855.522962683626,19870.522962683626,0.0,8,6,False
952,19833.461164286953,19843.461164286953,19878.461164286953,10.0,3,9,False
954,19874.95180336886,19885.522962683626,19930.522962683626,10.57115931476801,8,0,False
955,19898.66005173445,19928.66005173445,19943.66005173445,30.0,0,2,False
956,19910.183206904632,19953.66005173445,19968.66005173445,43.4768448298164,5,7,False
957,19948.482432739187,19975.522962683626,19985.522962683626,27.040529944439186,8,7,False
961,19980.662153620164,19993.66005173445,20013.66005173445,12.997898114284908,5,2,False
959,19972.358705824245,19975.522962683626,20015.522962683626,3.1642568593815668,8,2,False
963,20023.731446212914,20028.66005173445,20058.66005173445,4.928605521534337,4,9,False
958,19961.53257094733,20008.66005173445,20058.66005173445,47.127480787119566,2,9,False
960,19973.358705824245,20028.66005173445,20058.66005173445,55.30134591020396,5,9,False
962,20004.034993943642,20038.66005173445,20058.66005173445,34.62505779080675,6,9,False
964,20048.36238842875,20053.36238842875,20073.36238842875,5.0,5,8,False
965,20077.266241825582,20082.266241825582,20092.266241825582,5.0,8,7,False
966,20078.266241825582,20083.36238842875,20113.36238842875,5.096146603169473,9,4,False
967,20182.91010228828,20182.91010228828,20222.91010228828,0.0,7,0,False
968,20251.337906536788,20256.337906536788,20281.337906536788,5.0,5,1,False
969,20340.91018454892,20345.91018454892,20365.91018454892,5.0,6,9,False
970,20376.794487504994,20376.794487504994,20401.794487504994,0.0,4,0,False
971,20409.593137680462,20409.593137680462,20424.593137680462,0.0,9,7,False
972,20415.120507671505,20415.120507671505,20445.120507671505,0.0,4,9,False
973,20442.108963601986,20450.120507671505,20485.120507671505,8.011544069519005,9,3,False
974,20458.68082491116,20478.68082491116,20528.68082491116,20.0,0,9,False
976,20541.352396589496,20552.874438622188,20562.874438622188,11.522042032691388,8,9,False
975,20532.874438622188,20543.68082491116,20578.68082491116,10.806386288972135,7,2,False
977,20549.632417970948,20553.68082491116,20578.68082491116,4.048406940211862,6,2,False
978,20573.688966480848,20598.688966480848,20618.688966480848,25.0,3,0,False
980,20627.11290558699,20642.11290558699,20662.11290558699,15.0,3,0,False
979,20574.688966480848,20618.68082491116,20663.68082491116,43.99185843031228,9,1,False
981,20651.399736938736,20666.399736938736,20681.399736938736,15.0,7,5,False
982,20692.593727725347,20697.593727725347,20722.593727725347,5.0,6,2,False
984,20711.543575268737,20724.290287877888,20739.290287877888,12.746712609150563,6,8,False
985,20726.16158153034,20744.290287877888,20759.290287877888,18.12870634754654,9,7,False
983,20709.290287877888,20747.593727725347,20767.593727725347,38.30343984745923,6,3,False
986,20762.036346192763,20787.593727725347,20802.593727725347,25.55738153258426,0,2,False
988,20827.594877885367,20827.594877885367,20847.594877885367,0.0,8,5,False
987,20792.90840978055,20817.90840978055,20847.90840978055,25.0,8,3,False
989,20894.858135838243,20904.858135838243,20914.858135838243,10.0,7,8,False
990,20895.858135838243,20909.858135838243,20919.858135838243,14.0,6,5,False
991,20955.09835149894,20970.09835149894,21000.09835149894,15.0,2,7,False
992,20959.698445632523,20995.09835149894,21015.09835149894,35.39990586641579,8,5,False
993,21039.373990892007,21044.373990892007,21064.373990892007,5.0,8,5,False
996,21067.415095148754,21079.373990892007,21089.373990892007,11.958895743253379,3,4,False
994,21043.162954605836,21064.373990892007,21094.373990892007,21.211036286171293,4,9,False
995,21059.87340236448,21079.373990892007,21104.373990892007,19.500588527527725,7,3,False
997,21114.2863979382,21119.2863979382,21144.2863979382,5.0,8,4,False
999,21132.64553642276,21137.567901924074,21147.567901924074,4.922365501315653,4,3,False
998,21127.567901924074,21137.567901924074,21147.567901924074,10.0,3,4,False
1000,21165.226410808165,21180.226410808165,21195.226410808165,15.0,7,5,False
1001,21173.22561307318,21180.226410808165,21195.226410808165,7.000797734985099,7,5,False
1002,21185.381909605792,21190.381909605792,21215.381909605792,5.0,8,4,False
1003,21260.61852498658,21260.61852498658,21280.61852498658,0.0,4,1,False
1004,21308.843481364125,21328.843481364125,21338.843481364125,20.0,9,8,False
1005,21386.036322468823,21386.036322468823,21396.036322468823,0.0,6,5,False
1006,21402.530190391317,21417.530190391317,21432.530190391317,15.0,2,4,False
1007,21422.332460917933,21442.530190391317,21472.530190391317,20.197729473384243,0,4,False
1008,21449.40842224546,21452.530190391317,21482.530190391317,3.1217681458583684,1,5,False
1009,21514.563575811328,21524.563575811328,21544.563575811328,10.0,7,4,False
1010,21528.062770107725,21544.563575811328,21569.563575811328,16.500805703602964,7,3,False
1011,21540.323279892695,21554.563575811328,21584.563575811328,14.24029591863291,3,8,False
1012,21558.408286816564,21559.563575811328,21584.563575811328,1.1552889947633957,4,8,False
1013,21578.112329377498,21583.112329377498,21598.112329377498,5.0,4,2,False
1014,21636.420857426154,21641.420857426154,21686.420857426154,5.0,1,9,False
1015,21670.65798350197,21685.65798350197,21720.65798350197,15.0,9,3,False
1016,21713.80732517978,21725.65798350197,21745.65798350197,11.850658322189702,3,0,False
1018,21718.677000700915,21725.65798350197,21745.65798350197,6.980982801054779,3,0,False
1017,21717.677000700915,21718.80732517978,21748.80732517978,1.1303244788650773,8,3,False
1019,21732.324003770977,21755.65798350197,21790.65798350197,23.333979730992723,1,6,False
1020,21780.279422934724,21780.65798350197,21800.65798350197,0.37856056724558584,5,7,False
1021,21818.207929947464,21823.207929947464,21833.207929947464,5.0,1,2,False
1022,21905.382976475717,21910.382976475717,21955.382976475717,5.0,0,8,False
1023,21952.314514743633,21957.314514743633,21982.314514743633,5.0,2,6,False
1024,21973.49588532067,21978.49588532067,22003.49588532067,5.0,7,3,False
1025,22025.481055100463,22030.481055100463,22040.481055100463,5.0,4,5,False
1026,22034.22499277481,22034.22499277481,22059.22499277481,0.0,4,0,False
1027,22053.233692430033,22068.233692430033,22113.233692430033,15.0,1,9,False
1028,22113.040124837902,22123.040124837902,22153.040124837902,10.0,3,8,False
1029,22123.013332001894,22138.040124837902,22153.040124837902,15.026792836008099,0,2,False
1030,22171.6345918516,22176.6345918516,22201.6345918516,5.0,6,2,False
1031,22186.87635903501,22206.87635903501,22241.87635903501,20.0,0,6,False
1032,22275.474937014562,22280.474937014562,22315.474937014562,5.0,7,2,False
1033,22296.941974235844,22300.474937014562,22330.474937014562,3.532962778717774,4,0,False
1034,22319.657134449313,22335.474937014562,22360.474937014562,15.817802565248712,0,4,False
1038,22394.96623297862,22400.474937014562,22410.474937014562,5.508704035943083,8,7,False
1036,22371.71480088023,22405.696437531158,22415.696437531158,33.98163665092943,5,4,False
1035,22350.696437531158,22390.474937014562,22445.474937014562,39.77849948340372,9,1,False
1039,22399.146529772228,22420.696437531158,22455.696437531158,21.549907758930203,2,8,False
1037,22391.130423639275,22445.696437531158,22455.696437531158,54.5660138918829,7,8,False
1040,22419.820253761056,22465.696437531158,22485.696437531158,45.876183770102216,7,4,False
1042,22455.087092697475,22470.474937014562,22495.474937014562,15.387844317087001,5,2,False
1041,22436.617163531937,22485.474937014562,22505.474937014562,48.85777348262491,3,1,False
1045,22525.701940402334,22530.561456244057,22540.561456244057,4.859515841722896,5,4,False
1043,22510.561456244057,22525.561456244057,22545.561456244057,15.0,7,4,False
1044,22519.172258713155,22555.561456244057,22570.561456244057,36.38919753090158,2,0,False
1046,22616.729223770155,22651.729223770155,22686.729223770155,35.0,9,3,False
1048,22695.64762209127,22700.940331211204,22715.940331211204,5.292709119934443,6,8,False
1049,22696.64762209127,22700.940331211204,22725.940331211204,4.292709119934443,5,1,False
1047,22685.940331211204,22696.729223770155,22736.729223770155,10.788892558950465,2,9,False
1050,22752.316683114244,22762.316683114244,22792.316683114244,10.0,6,1,False
1051,22771.33290793504,22781.33290793504,22811.33290793504,10.0,2,7,False
1052,22795.191123999473,22805.191123999473,22820.191123999473,10.0,5,3,False
1053,22826.922603305393,22841.922603305393,22866.922603305393,15.0,0,4,False
1054,22870.0643609584,22881.922603305393,22901.922603305393,11.858242346992483,6,3,False
1056,22922.16366556961,22922.16366556961,22932.16366556961,0.0,5,4,False
1055,22910.134687011814,22915.134687011814,22935.134687011814,5.0,7,4,False
1057,22962.73836500736,22982.73836500736,23032.73836500736,20.0,9,0,False
1058,23048.147571358964,23068.147571358964,23078.147571358964,20.0,4,5,False
1059,23170.704091784915,23175.704091784915,23195.704091784915,5.0,3,0,False
1060,23198.728384877086,23205.704091784915,23240.704091784915,6.97570690782959,1,7,False
1064,23279.119920987316,23281.053697796775,23291.053697796775,1.933776809459232,4,5,False
1061,23266.053697796775,23281.053697796775,23296.053697796775,15.0,4,2,False
1062,23270.9980554294,23286.053697796775,23301.053697796775,15.055642367373366,6,8,False
1063,23276.8841850006,23281.053697796775,23306.053697796775,4.169512796175695,4,1,False
1066,23404.92535149967,23421.098828686616,23431.098828686616,16.173477186945092,3,2,False
1065,23401.098828686616,23406.098828686616,23441.098828686616,5.0,9,3,False
1067,23408.313961724987,23411.098828686616,23441.098828686616,2.7848669616287225,7,2,False
1068,23482.59906482918,23502.59906482918,23517.59906482918,20.0,7,9,False
1070,23506.516069864036,23512.59906482918,23522.59906482918,6.08299496514519,8,7,False
1069,23503.994202302012,23527.59906482918,23537.59906482918,23.604862527168734,5,6,False
1071,23617.047014001993,23622.047014001993,23652.047014001993,5.0,8,3,False
1072,23657.08859782543,23657.08859782543,23692.08859782543,0.0,3,9,False
1074,23705.250552865764,23707.08859782543,23717.08859782543,1.8380449596661492,7,8,False
1073,23672.591026909482,23702.591026909482,23742.591026909482,30.0,1,8,False
1075,23718.58969414575,23733.58969414575,23758.58969414575,15.0,5,1,False
1076,23719.759011384773,23727.08859782543,23772.08859782543,7.329586440657295,9,1,False
1080,23767.730221870235,23777.591026909482,23797.591026909482,9.86080503924677,2,5,False
1078,23753.275901533256,,,60.0,8,3,True
1077,23722.869692417073,23768.58969414575,23813.58969414575,45.720001728677744,0,8,False
1079,23758.23981809726,23817.08859782543,23827.08859782543,58.848779728170484,9,8,False
1081,23770.82843162792,23817.591026909482,23827.591026909482,46.76259528156152,8,7,False
1083,23787.83109718406,23817.08859782543,23837.08859782543,29.257500641371735,9,7,False
1082,23781.916372753865,,,60.0,1,3,True
1084,23788.83109718406,,,60.0,1,8,True
1086,23803.503508637914,23823.58969414575,23853.58969414575,20.08618550783649,7,2,False
1085,23793.216506636476,23823.58969414575,23868.58969414575,30.37318750927443,7,0,False
1087,23886.640222678732,23901.640222678732,23916.640222678732,15.0,8,6,False
1088,23905.686298924727,23906.640222678732,23921.640222678732,0.9539237540047907,7,9,False
1090,23969.236549775196,23984.236549775196,24004.236549775196,15.0,7,4,False
1089,23942.97416490762,23962.97416490762,24007.97416490762,20.0,0,8,False
1092,23981.411955983775,23994.236549775196,24019.236549775196,12.824593791421648,4,0,False
1094,24019.617648721807,24024.236549775196,24034.236549775196,4.618901053388981,1,0,False
1091,23974.345265419506,24024.236549775196,24059.236549775196,49.891284355690004,0,6,False
1093,23986.159600894764,24037.97416490762,24072.97416490762,51.81456401285686,3,9,False
1095,24025.869698372644,24064.236549775196,24074.236549775196,38.36685140255213,6,5,False
1097,24120.9800060053,24144.56301363938,24154.56301363938,23.583007634082605,0,1,False
1096,24119.56301363938,24154.56301363938,24194.56301363938,35.0,1,8,False
1098,24150.67106423184,24189.56301363938,24229.56301363938,38.89194940754169,7,0,False
1100,24199.855313474156,24220.22623696837,24245.22623696837,20.370923494214367,2,6,False
1099,24195.22623696837,24229.56301363938,24249.56301363938,34.33677667101074,4,6,False
1101,24222.556083838972,24239.56301363938,24249.56301363938,17.006929800409125,5,6,False
1102,24309.643699606768,24314.643699606768,24324.643699606768,5.0,7,6,False
1103,24352.987738267646,24352.987738267646,24382.987738267646,0.0,6,1,False
1104,24411.47989580396,24416.47989580396,24451.47989580396,5.0,8,2,False
1105,24428.803109656477,24428.803109656477,24453.803109656477,0.0,5,1,False
1106,24439.94198777824,24449.94198777824,24484.94198777824,10.0,2,8,False
1107,24485.69013811331,24499.94198777824,24514.94198777824,14.251849664928159,6,8,False
1108,24561.119134490076,24571.119134490076,24581.119134490076,10.0,2,3,False
1109,24612.222473156377,24622.222473156377,24647.222473156377,10.0,0,4,False
1110,24686.200989353263,24701.200989353263,24711.200989353263,15.0,7,8,False
1111,24715.983386593387,24715.983386593387,24730.983386593387,0.0,6,8,False
1112,24728.343420233068,24738.343420233068,24758.343420233068,10.0,6,3,False
1115,24743.025199454158,24748.343420233068,24758.343420233068,5.318220778910472,4,3,False
1114,24732.06342486665,24738.343420233068,24768.343420233068,6.279995366418007,5,2,False
1116,24758.787030002557,24770.983386593387,24780.983386593387,12.196356590829964,1,0,False
1113,24729.343420233068,24778.343420233068,24803.343420233068,49.0,3,7,False
1119,24789.58713216885,24800.983386593387,24815.983386593387,11.396254424536892,3,1,False
1117,24763.791743384227,24798.343420233068,24818.343420233068,34.55167684884145,6,9,False
1118,24788.58713216885,24825.983386593387,24850.983386593387,37.39625442453689,0,3,False
1120,24801.94358735932,24835.983386593387,24885.983386593387,34.03979923406587,1,9,False
1121,24962.37320482473,24967.37320482473,25007.37320482473,5.0,0,7,False
1122,24987.196667564676,24997.196667564676,25047.196667564676,10.0,9,0,False
1123,25039.19275074637,25059.19275074637,25079.19275074637,20.0,3,0,False
1124,25117.48135550532,25132.48135550532,25142.48135550532,15.0,6,7,False
1125,25132.52881730928,25142.48135550532,25172.48135550532,9.952538196037494,3,8,False
1126,25151.959828104005,25156.959828104005,25176.959828104005,5.0,3,0,False
1128,25300.845093861546,25300.845093861546,25310.845093861546,0.0,4,3,False
1127,25271.15714733578,25281.15714733578,25316.15714733578,10.0,2,8,False
1129,25371.28210102717,25376.28210102717,25401.28210102717,5.0,9,5,False
1130,25395.437191255565,25405.437191255565,25430.437191255565,10.0,9,5,False
1131,25419.817595308738,25429.817595308738,25439.817595308738,10.0,3,4,False
1133,25524.846474019938,25542.38316698408,25562.38316698408,17.536692964142276,3,6,False
1134,25541.631089623625,25547.38316698408,25572.38316698408,5.752077360455587,4,0,False
1132,25522.38316698408,25532.38316698408,25577.38316698408,10.0,2,8,False
1135,25617.872095551633,25617.872095551633,25627.872095551633,0.0,8,9,False
1137,25640.656422008808,25644.656422008808,25654.656422008808,4.0,8,7,False
1136,25639.656422008808,25649.656422008808,25674.656422008808,10.0,2,6,False
1140,25700.872302576892,25715.699189830884,25725.699189830884,14.826887253992027,5,6,False
1138,25695.699189830884,25705.699189830884,25735.699189830884,10.0,0,5,False
1139,25696.699189830884,25725.699189830884,25740.699189830884,29.0,6,8,False
1141,25737.852019269754,25737.852019269754,25762.852019269754,0.0,6,2,False
1142,25801.512857651356,25806.512857651356,25821.512857651356,5.0,4,6,False
1143,25813.361652136537,25823.361652136537,25858.361652136537,10.0,2,8,False
1144,25872.771732346773,25877.771732346773,25902.771732346773,5.0,7,3,False
1145,25916.60091907705,25916.60091907705,25926.60091907705,0.0,3,4,False
1146,25950.43100158543,25960.43100158543,25990.43100158543,10.0,2,7,False
1147,25967.967134385504,25977.967134385504,26022.967134385504,10.0,0,8,False
1148,26022.435530026785,26027.435530026785,26042.435530026785,5.0,6,8,False
1150,26035.17137197271,26049.17137197271,26074.17137197271,14.0,6,3,False
1151,26054.78244882811,26064.17137197271,26074.17137197271,9.388923144597356,4,3,False
1149,26034.17137197271,26034.17137197271,26084.17137197271,0.0,8,2,False
1152,26061.736925412704,26064.78244882811,26089.78244882811,3.045523415406933,5,1,False
1153,26067.18238072314,26082.18238072314,26097.18238072314,15.0,7,5,False
1154,26171.695794745046,26171.695794745046,26211.695794745046,0.0,1,8,False
1155,26209.50551301509,26214.50551301509,26234.50551301509,5.0,3,0,False
1156,26224.214782482723,26229.214782482723,26244.214782482723,5.0,4,6,False
1158,26285.468518853933,26287.56158016495,26302.56158016495,2.0930613110176637,1,3,False
1159,26288.55069786153,26297.56158016495,26307.56158016495,9.010882303420658,9,8,False
1157,26282.56158016495,26297.56158016495,26347.56158016495,15.0,9,0,False
1160,26331.40837013709,26331.40837013709,26356.40837013709,0.0,3,7,False
1161,26341.24059766977,26366.24059766977,26381.24059766977,25.0,3,5,False
1163,26421.479108561653,26426.479108561653,26441.479108561653,5.0,3,1,False
1162,26412.389441377305,26417.389441377305,26442.389441377305,5.0,4,0,False
1164,26422.479108561653,26447.389441377305,26472.389441377305,24.91033281565251,7,3,False
1166,26465.69044634156,26512.389441377305,26532.389441377305,46.69899503574561,6,3,False
1165,26464.69044634156,26499.69044634156,26534.69044634156,35.0,9,3,False
1167,26542.02598493767,26547.02598493767,26567.02598493767,5.0,8,5,False
1168,26557.976968048562,26562.976968048562,26577.976968048562,5.0,4,6,False
1169,26558.976968048562,26577.976968048562,26587.976968048562,19.0,7,8,False
1170,26602.00015119427,26607.00015119427,26617.00015119427,5.0,5,4,False
1171,26609.805978960092,26619.805978960092,26629.805978960092,10.0,4,5,False
1172,26614.951333602447,26642.00015119427,26652.00015119427,27.048817591821717,8,7,False
1174,26656.180338281752,26657.00015119427,26672.00015119427,0.819812912515772,7,5,False
1173,26624.05182349081,26644.805978960092,26679.805978960092,20.754155469283432,7,1,False
1175,26665.324111570455,26685.324111570455,26700.324111570455,20.0,3,5,False
1176,26690.768941782106,26700.768941782106,26710.768941782106,10.0,5,6,False
1178,26720.54767135791,26730.768941782106,26740.768941782106,10.221270424197428,3,2,False
1177,26700.332143277104,26720.768941782106,26775.768941782106,20.436798505001207,0,9,False
1180,26747.112406638684,26765.768941782106,26775.768941782106,18.656535143421934,8,9,False
1179,26741.99288198757,26755.768941782106,26780.768941782106,13.776059794534376,0,4,False
1181,26781.304914901233,26781.304914901233,26801.304914901233,0.0,9,6,False
1182,26822.53791646542,26822.53791646542,26837.53791646542,0.0,4,2,False
1183,26920.370930150304,26920.370930150304,26935.370930150304,0.0,3,5,False
1184,26926.72281864681,26926.72281864681,26946.72281864681,0.0,3,6,False
1186,26956.923790907644,26956.923790907644,26966.923790907644,0.0,7,8,False
1185,26934.450373829484,26949.450373829484,26984.450373829484,15.0,9,3,False
1187,26978.62010305873,26988.62010305873,26998.62010305873,10.0,5,4,False
1189,27003.47423155942,27006.93691915626,27026.93691915626,3.462687596838805,5,2,False
1188,26996.93691915626,27001.93691915626,27031.93691915626,5.0,7,2,False
1190,27048.85505303541,27048.85505303541,27083.85505303541,0.0,2,8,False
1191,27074.890828882144,27089.890828882144,27119.890828882144,15.0,7,2,False
1192,27088.716413908136,27088.85505303541,27133.85505303541,0.13863912727538263,8,0,False
1194,27137.832255422967,27142.832255422967,27152.832255422967,5.0,1,0,False
1193,27111.001815444557,27121.001815444557,27166.001815444557,10.0,8,0,False
1196,27173.888276209433,27178.888276209433,27188.888276209433,5.0,2,3,False
1197,27186.33165940199,27186.33165940199,27196.33165940199,0.0,1,2,False
1195,27172.114692462797,27172.114692462797,27207.114692462797,0.0,0,6,False
1198,27216.710623156992,27226.710623156992,27246.710623156992,10.0,0,3,False
1199,27225.78853659741,27256.710623156992,27266.710623156992,30.922086559581658,8,7,False
1200,27306.4466688672,27306.4466688672,27336.4466688672,0.0,5,0,False
1201,27363.119927169006,27378.119927169006,27393.119927169006,15.0,9,7,False
1202,27394.73553845533,27398.119927169006,27438.119927169006,3.3843887136754347,7,0,False
1204,27414.884626816358,,,60.0,8,6,True
1203,27406.89411271338,27431.89411271338,27481.89411271338,25.0,0,8,False
1206,27440.5756913335,27456.89411271338,27481.89411271338,16.31842137988133,4,8,False
1205,27435.121107118488,27443.119927169006,27488.119927169006,7.998820050517679,0,8,False
1208,27464.153530869244,27486.89411271338,27501.89411271338,22.740581844136614,8,6,False
1209,27477.741372476426,27521.89411271338,27531.89411271338,44.15274023695383,2,1,False
1207,27450.31030857028,27506.89411271338,27541.89411271338,56.58380414310159,4,0,False
1211,27523.5667478395,27536.89411271338,27546.89411271338,13.32736487387956,2,3,False
1210,27520.62066801661,27528.119927169006,27573.119927169006,7.499259152395098,1,8,False
1212,27540.785252973805,27543.119927169006,27583.119927169006,2.3346741952009324,3,9,False
1214,27571.095501826483,27590.798958594285,27600.798958594285,19.70345676780198,5,4,False
1213,27555.798958594285,27580.798958594285,27605.798958594285,25.0,8,4,False
1215,27608.994907495555,27618.994907495555,27648.994907495555,10.0,6,1,False
1216,27648.499018566996,27653.499018566996,27663.499018566996,5.0,5,6,False
1217,27687.137122060285,27692.137122060285,27707.137122060285,5.0,7,9,False
1218,27732.847729103003,27732.847729103003,27742.847729103003,0.0,3,4,False
1219,27742.661003563095,27762.847729103003,27772.847729103003,20.186725539908366,1,0,False
1220,27773.308459841675,27773.308459841675,27803.308459841675,0.0,1,6,False
1221,27805.57376380262,27808.308459841675,27823.308459841675,2.734696039056871,6,8,False
1222,27835.649416475164,27840.649416475164,27880.649416475164,5.0,7,0,False
1223,27860.91107421958,27875.91107421958,27890.91107421958,15.0,0,2,False
1224,27900.337670406705,27905.337670406705,27940.337670406705,5.0,1,7,False
1225,27901.337670406705,27960.337670406705,27970.337670406705,59.0,6,5,False
1226,27902.418983436368,27945.337670406705,27990.337670406705,42.91868697033715,9,1,False
1227,27929.340095392734,27950.337670406705,27995.337670406705,20.997575013971073,8,0,False
1230,27994.490599063545,28000.337670406705,28010.337670406705,5.847071343159769,0,1,False
1228,27965.11544775524,27985.337670406705,28020.337670406705,20.222222651464108,3,9,False
1231,27996.849040640984,28020.337670406705,28045.337670406705,23.48862976572127,4,8,False
1229,27981.561985219174,28035.337670406705,28055.337670406705,53.77568518753105,7,4,False
1233,28061.56254615195,28071.56254615195,28091.56254615195,10.0,2,5,False
1232,28040.301801959213,28055.337670406705,28105.337670406705,15.035868447492248,9,0,False
1234,28160.211294115426,28160.211294115426,28180.211294115426,0.0,0,3,False
1235,28188.654949167987,28203.654949167987,28243.654949167987,15.0,9,2,False
1237,28238.84072152391,28254.90998005574,28269.90998005574,16.06925853183202,4,2,False
1236,28234.90998005574,28239.90998005574,28279.90998005574,5.0,6,1,False
1238,28369.878321059892,28394.878321059892,28429.878321059892,25.0,9,3,False
1239,28419.96951105243,28419.96951105243,28439.96951105243,0.0,9,6,False
1240,28424.43651776372,28424.96951105243,28444.96951105243,0.5329932887107134,8,5,False
1241,28477.604545734324,28477.604545734324,28502.604545734324,0.0,6,2,False
1243,28493.828265298707,28497.441082868223,28527.441082868223,3.612817569515755,5,0,False
1242,28492.441082868223,28507.441082868223,28547.441082868223,15.0,1,8,False
1244,28706.71550046487,28711.71550046487,28741.71550046487,5.0,1,6,False
1245,28725.606271151726,28735.606271151726,28750.606271151726,10.0,3,1,False
1246,28745.184335627157,28750.184335627157,28775.184335627157,5.0,5,9,False
1247,28780.05026606676,28780.184335627157,28800.184335627157,0.13406956039762008,9,6,False
1248,28796.81472709492,28801.81472709492,28831.81472709492,5.0,5,0,False
1249,28842.057145785217,28847.057145785217,28867.057145785217,5.0,4,7,False
1250,28872.302315409383,28872.302315409383,28897.302315409383,0.0,7,3,False
1251,28889.057915142344,28889.057915142344,28909.057915142344,0.0,5,8,False
1253,28910.769695604497,28919.057915142344,28939.057915142344,8.288219537847908,9,6,False
1252,28902.053199140788,28927.302315409383,28952.302315409383,25.249116268594662,6,2,False
1255,29026.11719219294,29026.11719219294,29036.11719219294,0.0,4,3,False
1254,29001.73031688596,29006.73031688596,29051.73031688596,5.0,1,9,False
1256,29027.801944292576,29042.801944292576,29062.801944292576,15.0,1,4,False
1257,29074.366431239625,29074.366431239625,29099.366431239625,0.0,2,6,False
1258,29078.490128407542,29088.490128407542,29113.490128407542,10.0,2,6,False
1259,29157.29578980204,29162.29578980204,29187.29578980204,5.0,5,1,False
1260,29184.635587127712,29192.29578980204,29202.29578980204,7.660202674327593,1,0,False
1261,29257.961593738975,29262.961593738975,29282.961593738975,5.0,4,7,False
1262,29316.252291908157,29321.252291908157,29331.252291908157,5.0,5,4,False
1263,29335.848897961598,29350.848897961598,29360.848897961598,15.0,1,2,False
1264,29336.848897961598,29350.848897961598,29360.848897961598,14.0,1,2,False
1265,29341.624009272353,29376.252291908157,29386.252291908157,34.62828263580377,6,7,False
1266,29389.695058450412,29396.252291908157,29411.252291908157,6.557233457744587,8,6,False
1267,29451.06863298532,29476.06863298532,29486.06863298532,25.0,1,0,False
1268,29456.908716643033,29481.06863298532,29506.06863298532,24.159916342287033,1,5,False
1269,29479.098079579795,29521.06863298532,29561.06863298532,41.9705534055247,8,1,False
1270,29589.755365181933,29594.755365181933,29619.755365181933,5.0,9,5,False
1271,29615.21008829333,29629.755365181933,29664.755365181933,14.54527688860253,6,0,False
1272,29689.212711459746,29699.212711459746,29714.212711459746,10.0,4,6,False
1273,29706.209533788777,29716.209533788777,29746.209533788777,10.0,6,1,False
1275,29742.264464702217,29747.264464702217,29757.264464702217,5.0,9,8,False
1274,29730.084313965257,29740.084313965257,29770.084313965257,10.0,8,3,False
1276,29778.04131871758,29783.04131871758,29808.04131871758,5.0,2,6,False
1277,29835.823706617815,29835.823706617815,29850.823706617815,0.0,2,4,False
1278,29839.66468592872,29849.66468592872,29869.66468592872,10.0,4,7,False
1279,29854.145497238052,29864.145497238052,29874.145497238052,10.0,2,1,False
1280,29902.892520136073,29902.892520136073,29927.892520136073,0.0,2,6,False
1281,29973.338722056436,29983.338722056436,29998.338722056436,10.0,4,6,False
1282,29987.302474511296,29988.338722056436,30008.338722056436,1.0362475451402133,4,7,False
1283,30004.935457275522,30019.935457275522,30044.935457275522,15.0,1,5,False
1284,30077.625401208214,30082.625401208214,30092.625401208214,5.0,4,3,False
1285,30177.898729710116,30192.898729710116,30207.898729710116,15.0,7,9,False
1286,30216.014086176634,30216.014086176634,30251.014086176634,0.0,9,3,False
1287,30232.171139508984,30232.171139508984,30267.171139508984,0.0,7,1,False
1288,30283.80565731899,30288.80565731899,30303.80565731899,5.0,2,4,False
1290,30307.888315192467,30313.80565731899,30338.80565731899,5.917342126522271,5,9,False
1289,30297.32188579732,30307.32188579732,30342.32188579732,10.0,0,6,False
1291,30329.561154075116,30344.561154075116,30354.561154075116,15.0,6,5,False
1292,30366.41746734901,30371.41746734901,30386.41746734901,5.0,7,5,False
1293,30410.088517697266,30415.088517697266,30435.088517697266,5.0,6,9,False
1294,30439.96358202354,30459.96358202354,30474.96358202354,20.0,2,4,False
1295,30443.99966160339,30460.088517697266,30485.088517697266,16.08885609387653,5,9,False
1296,30473.544404855485,30473.544404855485,30498.544404855485,0.0,3,7,False
1298,30506.741745507952,30508.544404855485,30518.544404855485,1.8026593475333357,6,5,False
1297,30502.23846794892,30517.23846794892,30537.23846794892,15.0,5,2,False
1299,30552.31991518338,30557.31991518338,30577.31991518338,5.0,4,7,False
1300,30614.142375471503,30624.142375471503,30659.142375471503,10.0,9,3,False
1302,30637.160834985865,30646.2109330291,30661.2109330291,9.050098043233447,4,6,False
1301,30631.2109330291,30651.2109330291,30661.2109330291,20.0,5,6,False
1303,30691.257990150934,30696.257990150934,30721.257990150934,5.0,5,1,False
1304,30718.240107570513,30738.240107570513,30773.240107570513,20.0,9,3,False
1305,30890.563024292926,30890.563024292926,30900.563024292926,0.0,9,8,False
1306,30896.10097872942,30901.10097872942,30936.10097872942,5.0,2,8,False
1308,30923.694320656658,30930.563024292926,30960.563024292926,6.868703636268037,3,7,False
1310,30949.792276902557,30950.563024292926,30960.563024292926,0.7707473903683422,6,7,False
1307,30904.500972309917,30921.10097872942,30961.10097872942,16.60000641950319,0,7,False
1309,30930.765573175242,30961.10097872942,30981.10097872942,30.33540555417858,4,1,False
1311,30992.08171458838,30997.08171458838,31017.08171458838,5.0,2,4,False
1312,30993.936395163655,31007.08171458838,31017.08171458838,13.14531942472604,3,4,False
1313,31002.624280240834,31017.08171458838,31042.08171458838,14.45743434754695,2,6,False
1315,31018.453541433057,31037.08171458838,31052.08171458838,18.628173155324475,7,9,False
1314,31008.81057510104,31037.08171458838,31067.08171458838,28.271139487340406,6,1,False
1316,31044.550850843283,31052.08171458838,31067.08171458838,7.530863745098031,7,9,False
1317,31091.894335494144,31106.894335494144,31121.894335494144,15.0,6,8,False
1318,31154.412975941425,31154.412975941425,31169.412975941425,0.0,8,6,False
1319,31170.750684457525,31180.750684457525,31225.750684457525,10.0,8,0,False
1320,31231.01250639335,31246.01250639335,31266.01250639335,15.0,5,8,False
1321,31239.808052874254,31266.01250639335,31311.01250639335,26.204453519094386,9,1,False
1322,31277.859413448197,31312.859413448197,31327.859413448197,35.0,1,3,False
1325,31350.40348811118,31352.98276207853,31372.98276207853,2.579273967348854,9,6,False
1323,31312.98276207853,31372.859413448197,31392.859413448197,59.87665136966825,5,2,False
1326,31391.84305540897,31391.84305540897,31401.84305540897,0.0,5,6,False
1324,31324.34707264405,31352.98276207853,31407.98276207853,28.63568943447899,9,0,False
1327,31426.485270797064,31431.485270797064,31441.485270797064,5.0,1,0,False
1328,31436.840204796314,31436.840204796314,31456.840204796314,0.0,1,4,False
1329,31476.261899378595,31481.261899378595,31511.261899378595,5.0,3,8,False
1330,31479.34259302736,31506.261899378595,31516.261899378595,26.91930635123572,8,9,False
1331,31523.80604996182,31523.80604996182,31558.80604996182,0.0,9,3,False
1332,31542.39380887248,31547.39380887248,31562.39380887248,5.0,7,5,False
1333,31580.13652534449,31585.13652534449,31595.13652534449,5.0,6,7,False
1334,31583.781074746214,31595.13652534449,31605.13652534449,11.355450598275638,9,8,False
1335,31635.866151432725,31660.866151432725,31680.866151432725,25.0,2,5,False
1336,31682.719503253156,31692.719503253156,31732.719503253156,10.0,0,7,False
1337,31707.775802131437,31712.775802131437,31732.775802131437,5.0,1,4,False
1341,31736.50272819067,31737.775802131437,31752.775802131437,1.2730739407670626,5,7,False
1340,31731.715657107896,31742.775802131437,31752.775802131437,11.060145023540827,5,4,False
1338,31708.775802131437,31742.719503253156,31772.719503253156,33.94370112171964,6,1,False
1339,31723.67199376733,31772.775802131437,31782.775802131437,49.10380836410695,1,2,False
1342,31738.832843123528,31777.775802131437,31807.775802131437,38.94295900790894,3,8,False
1343,31817.541881333596,31822.541881333596,31837.541881333596,5.0,7,5,False
1345,31858.704069968586,31863.704069968586,31878.704069968586,5.0,7,5,False
1344,31840.82190472858,31852.541881333596,31887.541881333596,11.719976605018019,7,1,False
1346,31911.67402385153,31911.67402385153,31931.67402385153,0.0,1,4,False
1347,31923.474883604464,31948.474883604464,31958.474883604464,25.0,0,1,False
1348,32007.05762414507,32012.05762414507,32042.05762414507,5.0,0,5,False
1349,32032.30128670016,32037.30128670016,32047.30128670016,5.0,1,2,False
1350,32079.47835858904,32084.47835858904,32114.47835858904,5.0,3,8,False
1351,32107.954180340552,32107.954180340552,32142.954180340552,0.0,2,8,False
1353,32133.383053528913,32133.383053528913,32148.383053528913,0.0,8,6,False
1352,32132.383053528913,32132.383053528913,32152.383053528913,0.0,2,5,False
1354,32210.003088943387,32215.003088943387,32240.003088943387,5.0,7,3,False
1355,32262.71009630856,32267.71009630856,32292.71009630856,5.0,6,2,False
1356,32281.408508600278,32291.408508600278,32316.408508600278,10.0,2,6,False
1359,32306.909600047966,32316.408508600278,32331.408508600278,9.49890855231206,7,9,False
1357,32288.907323842413,,,60.0,6,0,True
1358,32302.770138561973,32332.71009630856,32367.71009630856,29.939957746588334,9,3,False
1360,32321.947315897713,32351.408508600278,32386.408508600278,29.461192702565313,6,0,False
1361,32338.05877083968,32387.71009630856,32397.71009630856,49.651325468879804,3,4,False
1364,32363.28733960084,32377.71009630856,32407.71009630856,14.422756707721419,2,5,False
1363,32357.8751884131,32376.408508600278,32416.408508600278,18.533320187176287,1,8,False
1362,32356.8751884131,32376.408508600278,32426.408508600278,19.533320187176287,1,9,False
1365,32439.940978959155,32439.940978959155,32454.940978959155,0.0,5,3,False
1366,32446.042380505838,32451.042380505838,32501.042380505838,5.0,8,0,False
1367,32462.675354670777,32471.042380505838,32501.042380505838,8.367025835061213,5,0,False
1370,32493.33194892532,32516.042380505838,32531.042380505838,22.71043158051907,2,0,False
1369,32482.35065377718,32502.675354670777,32547.675354670777,20.324700893597765,7,0,False
1372,32517.92288991111,32527.675354670777,32547.675354670777,9.7524647596656,3,0,False
1368,32467.473073474473,32492.675354670777,32552.675354670777,25.202281196303375,9,0,False
1371,32503.312638732546,32512.675354670777,32552.675354670777,9.362715938230394,6,0,False
1373,32530.057590463646,32537.675354670777,32552.675354670777,7.617764207130676,2,0,False
1374,32554.429289158328,32579.429289158328,32629.429289158328,25.0,6,0,False
1377,32567.4023949722,32579.429289158328,32629.429289158328,12.02689418612863,6,0,False
1375,32558.634173754333,32594.429289158328,32629.429289158328,35.795115403994714,4,0,False
1381,32601.240793899815,32604.429289158328,32629.429289158328,3.188495258513285,3,0,False
1376,32559.634173754333,32614.429289158328,32629.429289158328,54.795115403994714,2,0,False
1379,32580.882087854512,32612.675354670777,32657.675354670777,31.793266816264804,7,0,False
1380,32592.954988892954,32612.675354670777,32657.675354670777,19.720365777822735,7,0,False
1389,32636.486533767944,32637.675354670777,32657.675354670777,1.1888209028329584,3,0,False
1378,32579.882087854512,32599.429289158328,32659.429289158328,19.54720130381611,9,0,False
1385,32629.54393701138,32634.429289158328,32659.429289158328,4.8853521469463885,3,0,False
1387,32633.79298964847,32649.429289158328,32659.429289158328,15.636299509857054,1,0,False
1388,32634.79298964847,32649.429289158328,32659.429289158328,14.636299509857054,1,0,False
1382,32608.20931334285,,,60.0,9,0,True
1383,32614.540175835118,,,60.0,9,0,True
1386,32631.666166942745,,,60.0,6,0,True
1384,32624.85805338352,32684.429289158328,32734.429289158328,59.57123577480888,8,0,False
1390,32645.633129554222,32694.429289158328,32734.429289158328,48.796159604105924,7,0,False
1391,32651.648921072752,32694.429289158328,32734.429289158328,42.7803680855759,7,0,False
1392,32712.540202907152,32712.540202907152,32752.540202907152,0.0,7,0,False
1394,32760.833554477467,32760.833554477467,32775.83355447747,0.0,2,0,False
1393,32742.454583252165,32747.454583252165,32797.45458325217,5.0,8,0,False
1396,32781.30083525979,32787.45458325217,32797.45458325217,6.153747992379067,1,0,False
1395,32776.97676277569,32791.97676277569,32816.97676277569,15.0,4,0,False
1397,32783.17769686982,32791.97676277569,32816.97676277569,8.79906590587052,4,0,False
1398,32798.52421144086,32798.52421144086,32818.52421144086,0.0,3,0,False
1400,32809.940312171195,,,60.0,2,0,True
1401,32827.04843513577,32851.07664597129,32911.07664597129,24.028210835516802,9,0,False
1402,32839.379070408664,32851.07664597129,32911.07664597129,11.697575562626298,9,0,False
1399,32806.07664597129,32861.07664597129,32911.07664597129,55.0,8,0,False
1406,32894.290094582924,32901.07664597129,32911.07664597129,6.786551388366206,1,0,False
1404,32884.41047707788,32889.41047707788,32929.41047707788,5.0,7,0,False
1403,32874.105381122135,32884.105381122135,32934.105381122135,10.0,8,0,False
1405,32893.290094582924,32909.105381122135,32934.105381122135,15.815286539211229,4,0,False
1410,32945.03411376536,32954.41047707788,32979.41047707788,9.37636331251997,4,0,False
1407,32919.878819394304,32944.878819394304,32979.878819394304,25.0,5,0,False
1408,32933.532476179054,32964.878819394304,32979.878819394304,31.346343215249362,2,0,False
1409,32942.66184754395,32964.878819394304,32979.878819394304,22.21697185035009,2,0,False
1412,32964.60637353644,,,60.0,3,0,True
1411,32963.40518192278,32994.105381122135,33049.105381122135,30.700199199352937,7,0,False
1414,32988.390108952095,33004.105381122135,33049.105381122135,15.715272170040407,6,0,False
1413,32986.909160119656,33019.105381122135,33049.105381122135,32.19622100247943,4,0,False
1420,33035.902601159105,33039.105381122135,33049.105381122135,3.20277996303048,1,0,False
1415,32997.554195769924,33029.41047707788,33084.41047707788,31.856281307955214,9,0,False
1418,33019.46991067419,33029.41047707788,33084.41047707788,9.940566403689445,9,0,False
1417,33014.224441240636,33054.41047707788,33084.41047707788,40.18603583724325,5,0,False
1416,33007.91571094849,33044.878819394304,33084.878819394304,36.96310844581603,6,0,False
1419,33029.79440656189,33064.878819394304,33084.878819394304,35.084412832417,3,0,False
1421,33051.79026028927,33064.878819394304,33084.878819394304,13.08855910503189,3,0,False
1424,33070.41127565279,33089.105381122135,33154.105381122135,18.69410546934523,7,0,False
1426,33085.851174262905,33089.105381122135,33154.105381122135,3.2542068592301803,7,0,False
1423,33068.13055244239,33099.105381122135,33154.105381122135,30.97482867974759,6,0,False
1422,33067.13055244239,33114.105381122135,33154.105381122135,46.97482867974759,4,0,False
1425,33080.499444252186,33124.105381122135,33154.105381122135,43.6059368699498,3,0,False
1428,33101.0230180311,33134.105381122135,33154.105381122135,33.08236309103813,2,0,False
1432,33113.743466703396,33144.105381122135,33154.105381122135,30.361914418739616,1,0,False
1434,33142.314404686884,33169.105381122135,33184.105381122135,26.79097643525165,2,0,False
1429,33102.40369548856,33134.41047707788,33189.41047707788,32.00678158931987,9,0,False
1430,33107.28850669086,33154.41047707788,33189.41047707788,47.121970387022884,6,0,False
1427,33091.46952938388,33139.878819394304,33189.878819394304,48.40929001042241,8,0,False
1431,33111.68762954301,33139.878819394304,33189.878819394304,28.19118985129171,8,0,False
1433,33120.84297225712,33139.878819394304,33189.878819394304,19.0358471371801,8,0,False
1435,33159.58481351699,33164.878819394304,33189.878819394304,5.294005877316522,4,0,False
1436,33171.647078418566,,,60.0,4,0,True
1441,33208.71839793725,,,60.0,1,0,True
1440,33201.889641457965,33234.41047707788,33284.41047707788,32.52083561991458,8,0,False
1445,33233.51869218026,33234.41047707788,33284.41047707788,0.8917848976198002,8,0,False
1444,33229.39063875201,33264.41047707788,33284.41047707788,35.01983832586848,3,0,False
1437,33191.99507202608,33249.878819394304,33284.878819394304,57.88374736822152,5,0,False
1438,33196.95492764686,33249.878819394304,33284.878819394304,52.92389174744312,5,0,False
1442,33221.564471163874,33269.878819394304,33284.878819394304,48.31434823042946,2,0,False
1439,33199.263936861986,33234.105381122135,33289.105381122135,34.84144426014973,9,0,False
1443,33223.107309388804,33279.105381122135,33289.105381122135,55.99807173333102,1,0,False
1446,33256.94292085484,,,60.0,7,0,True
1449,33285.28352658948,,,60.0,2,0,True
1451,33307.33060299442,33319.41047707788,33364.41047707788,12.07987408345798,6,0,False
1456,33324.66284922016,33334.41047707788,33364.41047707788,9.747627857715997,4,0,False
1455,33323.66284922016,33349.41047707788,33364.41047707788,25.747627857715997,2,0,False
1457,33339.92180477378,33349.41047707788,33364.41047707788,9.488672304098145,2,0,False
1450,33292.38547687535,33324.878819394304,33364.878819394304,32.49334251895198,5,0,False
1453,33317.53666649464,33324.878819394304,33364.878819394304,7.342152899662324,5,0,False
1447,33281.034895725,33339.878819394304,33364.878819394304,58.84392366930115,3,0,False
1448,33282.63515246399,33339.878819394304,33364.878819394304,57.24366693031334,3,0,False
1452,33314.73609605004,33354.878819394304,33364.878819394304,40.142723344266415,1,0,False
1454,33322.66284922016,33329.105381122135,33374.105381122135,6.442531901971961,7,0,False
1459,33363.803223899195,33364.105381122135,33374.105381122135,0.30215722294087755,1,0,False
1458,33360.60767062127,,,60.0,4,0,True
1461,33372.15084452561,33414.105381122135,33459.105381122135,41.95453659652412,7,0,False
1463,33374.936060663815,33434.105381122135,33459.105381122135,59.169320458320726,4,0,False
1462,33373.35409202072,33409.41047707788,33459.41047707788,36.05638505715615,8,0,False
1467,33416.720443989405,33439.41047707788,33459.41047707788,22.690033088474593,3,0,False
1468,33428.311049311924,33439.41047707788,33459.41047707788,11.099427765955625,3,0,False
1460,33370.07913300294,33419.878819394304,33459.878819394304,49.79968639136496,6,0,False
1466,33394.566918460245,33419.878819394304,33459.878819394304,25.31190093405894,6,0,False
1464,33385.57188161144,33444.878819394304,33459.878819394304,59.306937782865134,2,0,False
1465,33391.95759112642,33444.878819394304,33459.878819394304,52.92122826788545,2,0,False
1469,33430.01552869359,33444.878819394304,33459.878819394304,14.863290700712241,2,0,False
1470,33446.27858300896,,,60.0,3,0,True
1471,33452.93887102237,,,60.0,6,0,True
1472,33455.19713661726,,,60.0,3,0,True
1474,33474.2715431785,,,60.0,2,0,True
1473,33469.5207501668,33504.105381122135,33554.105381122135,34.58463095533807,8,0,False
1479,33523.41340259552,33524.105381122135,33554.105381122135,0.6919785266145482,5,0,False
1476,33500.80336520924,33509.41047707788,33554.41047707788,8.60711186863773,7,0,False
1477,33508.99556751979,33509.41047707788,33554.41047707788,0.4149095580869471,7,0,False
1480,33527.733353611206,33529.41047707788,33554.41047707788,1.6771234666739474,4,0,False
1475,33488.332695398,33529.878819394304,33554.878819394304,41.54612399630423,3,0,False
1478,33521.99409276335,33529.878819394304,33554.878819394304,7.884726630953082,3,0,False
1481,33544.50325346836,33544.878819394304,33554.878819394304,0.3755659259404638,1,0,False
1482,33560.23406744041,,,60.0,4,0,True
1484,33568.56459039344,,,60.0,1,0,True
1486,33579.91559860771,,,60.0,2,0,True
1488,33598.63646233285,33605.23406744041,33660.23406744041,6.59760510756314,9,0,False
1483,33565.00949779672,33620.23406744041,33660.23406744041,55.22456964369485,7,0,False
1485,33578.88088817454,33610.23406744041,33660.23406744041,31.353179265868675,8,0,False
1489,33608.848955438174,33625.23406744041,33660.23406744041,16.385112002237292,6,0,False
1487,33585.20342897933,33610.23406744041,33660.23406744041,25.030638461081253,8,0,False
1490,33612.40104481968,33640.23406744041,33660.23406744041,27.833022620732663,3,0,False
1491,33647.21227472948,,,60.0,7,0,True
1494,33667.32039015505,,,60.0,1,0,True
1495,33679.47769900067,,,60.0,1,0,True
1496,33684.509896752985,,,60.0,4,0,True
1497,33689.87195174243,,,60.0,1,0,True
1498,33693.85001256076,33710.23406744041,33765.23406744041,16.384054879650648,9,0,False
1500,33703.48823628928,33725.23406744041,33765.23406744041,21.745831151129096,7,0,False
1499,33701.10110985235,33710.23406744041,33765.23406744041,9.132957588059071,9,0,False
1502,33734.42642972888,33735.23406744041,33765.23406744041,0.807637711528514,5,0,False
1492,33660.40985014776,33710.23406744041,33770.23406744041,49.824217292654794,9,0,False
1493,33665.85078965404,33720.23406744041,33770.23406744041,54.383277786371764,8,0,False
1501,33728.794703339925,33755.23406744041,33770.23406744041,26.439364100486273,2,0,False
1503,33763.675122060704,,,60.0,5,0,True
1505,33782.01600052417,,,60.0,3,0,True
1508,33807.24355398102,33845.23406744041,33870.23406744041,37.990513459393696,4,0,False
1506,33787.19641232707,33825.23406744041,33870.23406744041,38.03765511333768,7,0,False
1509,33810.80939816907,33845.23406744041,33870.23406744041,34.42466927134228,4,0,False
1504,33775.603463176376,33815.23406744041,33875.23406744041,39.630604264035355,9,0,False
1507,33804.75969519611,33840.23406744041,33875.23406744041,35.474372244301776,5,0,False
1513,33857.96905439765,33860.23406744041,33875.23406744041,2.265013042764622,2,0,False
1510,33835.049992441716,,,60.0,7,0,True
1511,33839.74562489231,,,60.0,8,0,True
1514,33863.843677410834,,,60.0,3,0,True
1517,33899.366706351066,33925.23406744041,33945.23406744041,25.86736108934565,3,0,False
1512,33850.50488045245,33910.23406744041,33945.23406744041,59.72918698796275,5,0,False
1518,33911.488402475276,33925.23406744041,33945.23406744041,13.745664965135802,3,0,False
1516,33884.09830072004,33905.23406744041,33950.23406744041,21.135766720370157,6,0,False
1515,33882.16739187476,33925.23406744041,33950.23406744041,43.06667556564935,3,0,False
1519,33917.39225069547,33935.23406744041,33950.23406744041,17.841816744941752,2,0,False
1520,33951.48902498804,,,60.0,6,0,True
1521,33955.28320872256,,,60.0,5,0,True
1525,33974.68484659149,,,60.0,1,0,True
1522,33968.59601442447,34020.23406744041,34055.23406744041,51.638053015944024,5,0,False
1529,34029.33708785551,34030.23406744041,34055.23406744041,0.8969795849043294,4,0,False
1524,33971.858044913024,33996.48902498804,34056.48902498804,24.63098007501685,9,0,False
1526,33976.63453954862,34031.48902498804,34056.48902498804,54.85448543942039,3,0,False
1528,34023.439278914506,34041.48902498804,34056.48902498804,18.04974607353506,2,0,False
1523,33969.611591953995,34001.48902498804,34056.48902498804,31.87743303404568,8,0,False
1527,33994.49470967928,34031.48902498804,34056.48902498804,36.994315308758814,3,0,False
1530,34035.385478375865,34046.48902498804,34056.48902498804,11.103546612175705,1,0,False
1531,34044.597609547236,,,60.0,4,0,True
1534,34069.59855066612,,,60.0,3,0,True
1533,34065.005587341395,34116.48902498804,34156.48902498804,51.48343764664605,7,0,False
1535,34071.35207018753,34105.23406744041,34160.23406744041,33.881997252879955,9,0,False
1536,34105.842821124024,34135.23406744041,34160.23406744041,29.39124631638697,4,0,False
1537,34118.90445948739,34135.23406744041,34160.23406744041,16.32960795301915,4,0,False
1532,34053.29243397174,34111.48902498804,34161.48902498804,58.19659101629804,8,0,False
1539,34134.02963046467,34146.48902498804,34161.48902498804,12.459394523371884,2,0,False
1538,34127.24682820496,,,60.0,6,0,True
1540,34153.77077504407,,,60.0,2,0,True
1541,34158.4407455649,,,60.0,3,0,True
1544,34204.84320378245,34215.23406744041,34265.23406744041,10.390863657958107,8,0,False
1548,34223.419065207185,34240.23406744041,34265.23406744041,16.81500223322655,4,0,False
1542,34174.94164225756,34206.48902498804,34266.48902498804,31.54738273048133,9,0,False
1543,34202.174658668315,34221.48902498804,34266.48902498804,19.314366319726105,7,0,False
1546,34216.00518931703,34251.48902498804,34266.48902498804,35.48383567100973,2,0,False
1545,34207.387045835276,34231.48902498804,34266.48902498804,24.101979152765125,5,0,False
1547,34222.419065207185,34256.48902498804,34266.48902498804,34.06995978085615,1,0,False
1549,34240.23641293439,,,60.0,5,0,True
1550,34253.90234113517,,,60.0,8,0,True
1551,34261.40702262403,,,60.0,8,0,True
1553,34277.65781045137,,,60.0,3,0,True
1552,34262.6047833868,34315.23406744041,34370.23406744041,52.62928405361163,9,0,False
1555,34302.60119560891,34345.23406744041,34370.23406744041,42.63287183149805,4,0,False
1559,34324.90357032736,34345.23406744041,34370.23406744041,20.330497113049205,4,0,False
1558,34323.90357032736,34336.48902498804,34371.48902498804,12.585454660678806,5,0,False
1557,34316.752563511815,34361.48902498804,34371.48902498804,44.736461476226395,1,0,False
1554,34301.31722759622,34326.48902498804,34371.48902498804,25.17179739182029,7,0,False
1556,34303.60119560891,34361.48902498804,34371.48902498804,57.88782937912765,1,0,False
1561,34343.56814969724,34361.48902498804,34371.48902498804,17.920875290801632,1,0,False
1560,34331.88329907928,,,60.0,7,0,True
1563,34368.09636367302,,,60.0,1,0,True
1562,34356.844249463094,34400.23406744041,34440.23406744041,43.38981797731685,5,0,False
1566,34406.839029697294,34420.23406744041,34440.23406744041,13.395037743117427,2,0,False
1569,34414.71467912734,34430.23406744041,34440.23406744041,15.519388313070522,1,0,False
1564,34400.99911904702,34421.48902498804,34481.48902498804,20.489905941023608,9,0,False
1568,34409.553418219984,34436.48902498804,34481.48902498804,26.93560676805646,7,0,False
1571,34421.9700107617,34451.48902498804,34481.48902498804,29.519014226338186,5,0,False
1567,34407.839029697294,34421.48902498804,34481.48902498804,13.649995290747029,9,0,False
1565,34402.49475128346,34441.48902498804,34481.48902498804,38.99427370457852,6,0,False
1572,34425.11924752096,34441.48902498804,34481.48902498804,16.369777467079984,6,0,False
1570,34420.416721994814,34461.48902498804,34481.48902498804,41.07230299322691,3,0,False
1575,34474.25771048003,34506.48902498804,34536.48902498804,32.231314508011565,4,0,False
1577,34516.061262821095,34521.48902498804,34536.48902498804,5.427762166946195,2,0,False
1576,34511.994536284656,34511.994536284656,34536.994536284656,0.0,4,0,False
1574,34460.45017507318,34485.23406744041,34540.23406744041,24.7838923672316,8,0,False
1573,34448.640649279856,34500.23406744041,34540.23406744041,51.5934181605553,6,0,False
1578,34523.16653684486,34525.23406744041,34540.23406744041,2.0675305955519434,2,0,False
1580,34544.19317272756,34593.19317272756,34633.19317272756,49.0,6,0,False
1582,34565.108776655565,34608.19317272756,34633.19317272756,43.08439607199398,4,0,False
1583,34578.67302841064,34600.23406744041,34635.23406744041,21.561039029773383,5,0,False
1581,34561.47240758546,34620.23406744041,34635.23406744041,58.76165985495027,2,0,False
1585,34604.40073075906,34620.23406744041,34635.23406744041,15.833336681353103,2,0,False
1579,34543.19317272756,34583.19317272756,34638.19317272756,40.0,8,0,False
1584,34600.78091438227,34603.19317272756,34638.19317272756,2.412258345291775,5,0,False
1587,34612.196612937296,34613.19317272756,34638.19317272756,0.996559790262836,4,0,False
1586,34609.322949699184,,,60.0,5,0,True
1588,34624.20956999689,,,60.0,3,0,True
1589,34629.04540216448,,,60.0,4,0,True
1591,34644.08737005906,,,60.0,5,0,True
1590,34638.898700939535,34695.23406744041,34735.23406744041,56.33536650087626,7,0,False
1593,34664.09403482867,34695.23406744041,34735.23406744041,31.140032611743663,7,0,False
1594,34672.63978824281,34683.19317272756,34738.19317272756,10.553384484752314,9,0,False
1592,34660.50655041382,34718.19317272756,34738.19317272756,57.68662231374037,3,0,False
1595,34674.88547272774,34723.19317272756,34738.19317272756,48.30769999981567,2,0,False
1596,34701.62331633362,34723.19317272756,34738.19317272756,21.56985639393679,2,0,False
1597,34746.03096222787,,,60.0,2,0,True
1598,34751.11835899521,,,60.0,1,0,True
1599,34753.59121747589,34811.03096222787,34836.03096222787,57.43974475198047,3,0,False
1603,34768.31749857435,34821.03096222787,34836.03096222787,52.713463653519284,2,0,False
1604,34769.31749857435,34786.03096222787,34836.03096222787,16.713463653519284,8,0,False
1601,34764.6706291037,34821.03096222787,34836.03096222787,56.36033312417567,2,0,False
1605,34797.18987271803,34821.03096222787,34836.03096222787,23.841089509842277,2,0,False
1600,34755.81735696956,34791.03096222787,34836.03096222787,35.21360525831551,7,0,False
1602,34766.431456369326,34821.03096222787,34836.03096222787,54.59950585854676,2,0,False
1606,34807.84560599625,34821.03096222787,34836.03096222787,13.18535623162461,2,0,False
1607,34815.32563624454,,,60.0,8,0,True
1608,34829.38731377987,,,60.0,3,0,True
1610,34880.19292092502,34906.03096222787,34916.03096222787,25.838041302849888,1,0,False
1609,34835.98197715102,34876.03096222787,34921.03096222787,40.04898507684993,7,0,False
1613,34897.653694972134,34901.03096222787,34921.03096222787,3.3772672557388432,3,0,False
1611,34888.810255774515,,,60.0,7,0,True
1612,34889.810255774515,,,60.0,6,0,True
1614,34910.94140006406,,,60.0,5,0,True
1615,34912.972005511234,,,60.0,3,0,True
1618,34939.10906365834,34946.03096222787,35006.03096222787,6.921898569533369,9,0,False
1617,34925.02628981383,34956.03096222787,35006.03096222787,31.004672414041124,8,0,False
1616,34923.38156529802,34981.03096222787,35006.03096222787,57.64939692985354,4,0,False
1621,34961.518782141444,34986.03096222787,35006.03096222787,24.512180086428998,3,0,False
1620,34960.518782141444,34971.03096222787,35006.03096222787,10.512180086428998,5,0,False
1619,34954.2717395238,34996.03096222787,35006.03096222787,41.75922270407318,1,0,False
1622,34986.32182127109,,,60.0,4,0,True
1623,35001.03840791008,35056.03096222787,35111.03096222787,54.99255431779602,9,0,False
1626,35053.93495575941,35076.03096222787,35111.03096222787,22.096006468462292,6,0,False
1625,35036.89822412267,35061.03096222787,35111.03096222787,24.132738105203316,8,0,False
1628,35080.15757876498,35091.03096222787,35111.03096222787,10.873383462894708,3,0,False
1624,35029.8666159365,35066.03096222787,35111.03096222787,36.16434629137075,7,0,False
1627,35057.31745118889,35066.03096222787,35111.03096222787,8.713511038986326,7,0,False
1630,35082.491093838406,35101.03096222787,35111.03096222787,18.5398683894673,1,0,False
1631,35091.92718703265,35101.03096222787,35111.03096222787,9.103775195224443,1,0,False
1629,35081.15757876498,,,60.0,6,0,True
1632,35092.92718703265,,,60.0,9,0,True
1633,35102.5084302292,,,60.0,4,0,True
1634,35123.13054149267,,,60.0,2,0,True
1636,35136.21440427363,35161.03096222787,35216.03096222787,24.816557954240125,9,0,False
1639,35182.37182280777,35196.03096222787,35216.03096222787,13.659139420102292,3,0,False
1638,35161.21909664097,35176.03096222787,35216.03096222787,14.811865586903878,6,0,False
1642,35188.78917584903,35196.03096222787,35216.03096222787,7.241786378843244,3,0,False
1635,35129.98032917599,35186.03096222787,35216.03096222787,56.05063305188378,4,0,False
1637,35157.35704195286,35186.03096222787,35216.03096222787,28.67392027501046,4,0,False
1641,35185.720523574004,35206.03096222787,35216.03096222787,20.310438653868914,1,0,False
1640,35184.720523574004,,,60.0,6,0,True
1643,35198.59891182149,,,60.0,8,0,True
1644,35206.211654968174,,,60.0,3,0,True
1645,35220.739239861294,,,60.0,1,0,True
1646,35229.92188040915,,,60.0,1,0,True
1649,35241.12934777979,,,60.0,1,0,True
1650,35274.74954619556,35291.03096222787,35316.03096222787,16.281416032310517,4,0,False
1648,35233.371957026335,35266.03096222787,35321.03096222787,32.65900520153809,9,0,False
1651,35281.489950524934,35286.03096222787,35321.03096222787,4.541011702938704,6,0,False
1652,35282.489950524934,35286.03096222787,35321.03096222787,3.541011702938704,6,0,False
1647,35232.371957026335,35291.03096222787,35321.03096222787,58.65900520153809,4,0,False
1653,35301.96794384672,35311.03096222787,35321.03096222787,9.063018381151778,1,0,False
1654,35307.20271355524,35336.03096222787,35356.03096222787,28.82824867263116,3,0,False
1656,35362.59344495124,,,60.0,2,0,True
1658,35375.11745271917,35401.03096222787,35436.03096222787,25.91350950870401,6,0,False
1659,35387.33538195453,35401.03096222787,35436.03096222787,13.695580273342784,6,0,False
1655,35355.59137590319,35385.59137590319,35440.59137590319,30.0,9,0,False
1660,35392.29313508146,35420.59137590319,35440.59137590319,28.29824082172854,3,0,False
1657,35370.7780113025,35395.59137590319,35440.59137590319,24.813364600689965,7,0,False
1662,35420.09144654166,35420.59137590319,35440.59137590319,0.4999293615328497,3,0,False
1661,35397.24573784718,,,60.0,8,0,True
1663,35421.09144654166,,,60.0,4,0,True
1669,35478.205426388755,35495.59137590319,35520.59137590319,17.385949514435197,4,0,False
1664,35430.46162339769,35476.03096222787,35521.03096222787,45.56933883018064,7,0,False
1667,35464.37589296329,35476.03096222787,35521.03096222787,11.65506926458329,7,0,False
1666,35448.31082131104,35501.03096222787,35521.03096222787,52.72014091683377,3,0,False
1668,35465.73980940489,35501.03096222787,35521.03096222787,35.29115282298153,3,0,False
1665,35437.823826751934,35490.59137590319,35525.59137590319,52.76754915125639,5,0,False
1674,35506.68698742462,35510.59137590319,35525.59137590319,3.904388478571491,2,0,False
1670,35486.27985126511,,,60.0,8,0,True
1671,35496.20634892875,,,60.0,6,0,True
1672,35502.499849944936,,,60.0,4,0,True
1673,35503.499849944936,,,60.0,6,0,True
1678,35541.10823728032,35576.03096222787,35616.03096222787,34.922724947551615,6,0,False
1682,35592.88989179218,35596.03096222787,35616.03096222787,3.141070435689471,3,0,False
1675,35514.6141172981,35565.59137590319,35620.59137590319,50.977258605089446,8,0,False
1676,35526.09678391571,35585.59137590319,35620.59137590319,59.49459198748082,5,0,False
1679,35568.92802881471,35605.59137590319,35620.59137590319,36.66334708847717,2,0,False
1677,35539.55117180991,35590.59137590319,35620.59137590319,51.04020409328223,4,0,False
1680,35572.23452567383,35610.59137590319,35620.59137590319,38.356850229356496,1,0,False
1681,35576.10927458986,,,60.0,8,0,True
1683,35595.619554537174,,,60.0,8,0,True
1684,35604.7787464153,,,60.0,6,0,True
1685,35609.9442919931,,,60.0,2,0,True
1687,35641.589566118615,35661.03096222787,35706.03096222787,19.441396109257767,8,0,False
1686,35628.369250584234,35685.59137590319,35710.59137590319,57.22212531895639,4,0,False
1688,35668.323802856044,35700.59137590319,35710.59137590319,32.26757304714556,1,0,False
1689,35690.724084591755,35700.59137590319,35710.59137590319,9.86729131143511,1,0,False
1693,35739.699830374906,35750.59137590319,35770.59137590319,10.891545528284041,3,0,False
1690,35691.724084591755,35736.03096222787,35771.03096222787,44.30687763611786,5,0,False
1691,35701.185433514176,35756.03096222787,35771.03096222787,54.845528713696694,2,0,False
1692,35720.452187321585,35750.59137590319,35775.59137590319,30.139188581604685,3,0,False
1696,35752.85356144571,35765.59137590319,35775.59137590319,12.737814457483182,1,0,False
1694,35741.69573291638,,,60.0,9,0,True
1697,35758.17245782518,,,60.0,3,0,True
1700,35814.401965905556,35816.03096222787,35841.03096222787,1.6289963223171071,4,0,False
1695,35750.046029882746,35805.59137590319,35845.59137590319,55.54534602044441,6,0,False
1698,35805.38805727854,35825.59137590319,35845.59137590319,20.20331862464809,3,0,False
1699,35809.85800786912,35830.59137590319,35845.59137590319,20.733368034067098,2,0,False
1702,35866.730259873475,35899.117818798404,35929.117818798404,32.38755892492918,5,0,False
1703,35871.14032667529,35904.117818798404,35929.117818798404,32.977492123114644,4,0,False
1701,35854.117818798404,35889.117818798404,35934.117818798404,35.0,7,0,False
1704,35882.74517356488,35924.117818798404,35934.117818798404,41.37264523352496,1,0,False
1705,35896.54137340539,,,60.0,9,0,True
1706,35956.533182113155,35979.117818798404,35999.117818798404,22.58463668524928,3,0,False
